flight_date,record_created_date,flight_type,origin_airport,destination_airport,aircraft_type,pilot_name,passengers,scheduled_duration_hours,actual_duration_hours,departure_delay_minutes,arrival_delay_minutes
2026-04-01,2026-02-28,Domestic,BCD,TAG,Airbus A321,Pilot E,94,1.0,1.86,24,54
2026-04-02,2026-04-11,Domestic,KLO,TAG,Airbus A321,Pilot F,119,1.03,2.03,9,58
2026-04-03,2026-04-06,Domestic,DGT,BCD,Airbus A321,Pilot B,248,2.72,3.16,-10,26
2026-04-04,2026-03-21,Domestic,PPS,KLO,Boeing 737-800,Pilot E,45,1.98,2.55,18,37
2026-03-27,2026-03-26,Domestic,MNL,ILO,Airbus A320,Pilot E,179,1.38,2.54,-10,70
2026-04-22,2026-04-15,Domestic,CRK,DVO,ATR 72-600,Pilot D,257,1.64,1.91,2,22
2026-03-06,2026-02-28,Domestic,DVO,MNL,Airbus A321,Pilot J,159,2.55,3.58,-6,62
2026-04-12,2026-04-11,International,KLO,PPS,Boeing 737-800,Pilot D,180,6.97,6.73,1,-15
2026-03-13,2026-03-08,Domestic,DVO,MNL,Boeing 737-800,Pilot I,171,1.08,1.82,10,51
2026-03-06,2026-03-02,Domestic,DGT,MNL,Boeing 737-800,Pilot I,151,2.28,2.76,-10,27
2026-04-02,2026-03-26,Domestic,DVO,CRK,Boeing 737-800,Pilot H,178,2.26,2.74,47,27
2026-04-29,2026-04-27,Domestic,KLO,PPS,Embraer E190,Pilot D,238,3.13,4.41,23,78
2026-04-14,2026-04-07,Domestic,CEB,BCD,Boeing 737-800,Pilot J,196,1.7,2.34,51,21
2026-04-16,2026-04-09,Domestic,DGT,KLO,Boeing 737-800,Pilot C,226,0.96,1.29,8,21
2026-04-13,2026-04-11,International,DGT,KLO,Boeing 737-800,Pilot D,161,9.63,9.7,0,6
2026-04-17,2026-04-13,Domestic,PPS,CEB,Airbus A320,Pilot K,210,2.33,2.63,51,21
2026-04-01,2026-03-27,Domestic,CRK,PPS,Airbus A321,Pilot E,232,1.14,1.97,-1,57
2026-03-08,2026-03-06,Domestic,MNL,KLO,Airbus A321,Pilot I,86,2.13,3.46,8,75
2026-04-21,2026-04-14,Domestic,PPS,DVO,Airbus A320,Pilot A,229,1.27,1.69,28,30
2026-03-28,2026-03-26,Domestic,ILO,PPS,Airbus A321,Pilot H,191,2.83,3.88,-10,67
2026-03-31,2026-03-29,Domestic,DGT,DVO,Airbus A321,Pilot K,137,2.8,3.79,28,63
2026-03-23,2026-03-19,Domestic,BCD,DVO,Boeing 737-800,Pilot I,210,1.83,2.26,25,33
2026-03-12,2026-03-08,Domestic,KLO,CRK,Airbus A320,Pilot G,77,3.12,3.31,40,24
2026-04-26,2026-04-25,International,DGT,TAG,ATR 72-600,Pilot K,193,10.23,10.92,32,45
2026-04-17,2026-04-10,Domestic,TAG,ILO,Airbus A321,Pilot D,166,1.11,2.03,41,49
2026-04-09,2026-04-07,International,ILO,PPS,Boeing 737-800,Pilot E,235,6.58,6.87,10,16
2026-03-25,2026-03-24,Domestic,MNL,ILO,Airbus A320,Pilot A,176,2.24,2.83,-7,24
2026-04-20,2026-04-16,Domestic,MNL,BCD,Airbus A321,Pilot I,155,1.0,1.52,58,26
2026-04-03,2026-03-27,Domestic,ILO,KLO,Airbus A320,Pilot I,155,1.72,2.57,-10,47
2026-03-28,2026-03-27,International,KLO,DVO,Boeing 737-800,Pilot J,162,9.34,9.4,-10,-10
2026-03-28,2026-03-24,Domestic,MNL,TAG,Airbus A321,Pilot I,235,3.08,4.2,24,68
2026-03-14,2026-03-07,International,CEB,PPS,Embraer E190,Pilot B,212,7.23,8.0,48,46
2026-03-06,2026-02-27,Domestic,PPS,ILO,Airbus A321,Pilot H,60,2.63,3.95,16,79
2026-04-03,2026-04-01,Domestic,PPS,DGT,Boeing 737-800,Pilot J,157,1.73,2.87,34,57
2026-04-24,2026-04-19,International,MNL,DVO,Airbus A320,Pilot C,103,9.48,9.45,-10,-2
2026-03-04,2026-02-26,Domestic,KLO,MNL,Boeing 737-800,Pilot F,76,2.87,3.39,1,36
2026-04-22,2026-04-17,Domestic,MNL,KLO,Airbus A321,Pilot K,230,0.8,1.52,-10,39
2026-04-20,2026-04-15,Domestic,PPS,CRK,Airbus A321,Pilot E,228,0.93,1.77,29,56
2026-03-17,2026-03-11,Domestic,TAG,ILO,Airbus A320,Pilot J,246,1.67,2.23,-10,30
2026-04-08,2026-04-04,Domestic,TAG,DVO,Airbus A320,Pilot G,126,2.45,3.35,-10,51
2026-03-11,2026-03-10,Domestic,KLO,CRK,Airbus A320,Pilot H,133,1.62,2.7,23,66
2026-04-16,2026-04-11,Domestic,BCD,CRK,Embraer E190,Pilot H,211,0.96,2.19,35,70
2026-04-12,2026-04-07,Domestic,DGT,CRK,Airbus A321,Pilot H,82,1.56,1.76,9,23
2026-03-22,2026-03-16,Domestic,BCD,PPS,Airbus A320,Pilot J,51,1.39,2.03,25,37
2026-03-05,2026-02-26,Domestic,ILO,KLO,Embraer E190,Pilot K,132,0.81,1.34,24,35
2026-04-29,2026-04-26,Domestic,PPS,ILO,Airbus A320,Pilot D,178,2.08,3.31,7,53
2026-03-28,2026-03-21,Domestic,KLO,CEB,Airbus A321,Pilot L,140,1.08,1.62,-10,31
2026-04-24,2026-04-23,Domestic,TAG,KLO,Boeing 737-800,Pilot H,86,1.49,2.7,24,77
2026-04-11,2026-04-04,Domestic,KLO,CEB,ATR 72-600,Pilot H,154,2.34,3.42,25,75
2026-04-17,2026-04-16,Domestic,TAG,CRK,Boeing 737-800,Pilot D,247,2.54,3.35,32,39
2026-04-16,2026-04-11,Domestic,MNL,ILO,Airbus A321,Pilot F,100,1.43,2.12,19,44
2026-03-12,2026-03-07,Domestic,MNL,CEB,Embraer E190,Pilot H,128,1.59,2.26,-10,46
2026-03-23,2026-03-18,International,MNL,CRK,Airbus A320,Pilot E,108,4.02,4.29,27,14
2026-03-29,2026-03-22,Domestic,KLO,DVO,Embraer E190,Pilot D,104,3.1,3.54,12,22
2026-03-31,2026-03-27,Domestic,PPS,TAG,ATR 72-600,Pilot J,184,1.26,2.55,1,73
2026-03-03,2026-03-02,Domestic,DVO,TAG,Embraer E190,Pilot E,122,1.24,2.34,6,66
2026-04-03,2026-03-29,Domestic,CEB,MNL,Airbus A320,Pilot H,176,1.87,2.54,-3,39
2026-03-10,2026-03-07,Domestic,TAG,BCD,Airbus A320,Pilot A,44,1.25,2.14,32,52
2026-04-15,2026-04-10,Domestic,PPS,BCD,Boeing 737-800,Pilot A,185,1.18,1.92,-10,42
2026-04-11,2026-04-08,International,BCD,CRK,Boeing 737-800,Pilot K,63,6.62,6.89,-10,13
2026-04-26,2026-04-25,Domestic,ILO,CEB,Boeing 737-800,Pilot B,123,2.34,3.02,5,33
2026-04-15,2026-04-10,Domestic,ILO,PPS,Embraer E190,Pilot J,231,2.27,2.91,48,38
2026-03-23,2026-03-22,International,MNL,CRK,Boeing 737-800,Pilot K,114,6.03,6.4,35,28
2026-04-29,2026-04-26,Domestic,CEB,MNL,Airbus A321,Pilot F,193,2.66,3.08,-10,26
2026-03-26,2026-03-21,Domestic,TAG,CRK,Airbus A321,Pilot K,117,1.58,2.8,42,68
2026-03-20,2026-03-13,International,CRK,DVO,Airbus A320,Pilot F,238,6.54,6.83,42,30
2026-04-25,2026-04-22,International,PPS,CRK,Airbus A320,Pilot L,249,9.6,9.17,-10,-13
2026-03-23,2026-03-20,Domestic,PPS,DVO,Airbus A320,Pilot C,239,2.73,3.82,-10,59
2026-03-05,2026-03-02,Domestic,CRK,CEB,ATR 72-600,Pilot F,126,2.53,3.96,10,75
2026-03-29,2026-03-24,Domestic,DVO,DGT,Boeing 737-800,Pilot E,109,1.66,1.84,37,20
2026-04-18,2026-04-16,Domestic,BCD,CEB,Boeing 737-800,Pilot J,173,1.48,2.44,47,57
2026-03-12,2026-03-08,Domestic,MNL,PPS,Airbus A321,Pilot A,219,1.81,2.65,-7,53
2026-03-29,2026-03-23,Domestic,ILO,PPS,Boeing 737-800,Pilot J,155,1.03,1.95,51,57
2026-03-08,2026-03-07,Domestic,TAG,BCD,ATR 72-600,Pilot A,202,1.88,3.23,-10,79
2026-04-11,2026-04-04,International,PPS,DGT,ATR 72-600,Pilot D,232,10.21,9.99,4,-4
2026-03-30,2026-03-26,Domestic,PPS,MNL,Boeing 737-800,Pilot H,205,0.81,1.39,3,43
2026-03-21,2026-03-16,Domestic,MNL,CRK,ATR 72-600,Pilot B,121,3.04,3.47,37,28
2026-03-14,2026-03-09,Domestic,CEB,PPS,Boeing 737-800,Pilot F,94,2.45,2.77,41,20
2026-04-04,2026-03-28,International,DVO,KLO,Airbus A321,Pilot L,135,11.93,12.18,33,23
2026-04-10,2026-04-05,Domestic,DVO,BCD,ATR 72-600,Pilot J,166,1.62,2.53,-10,49
2026-04-27,2026-04-20,Domestic,CEB,TAG,Airbus A321,Pilot A,225,2.17,2.62,31,30
2026-03-27,2026-03-24,Domestic,DGT,CRK,Airbus A321,Pilot H,106,2.94,3.36,23,28
2026-03-10,2026-03-08,Domestic,CEB,DVO,Airbus A321,Pilot H,75,2.37,2.87,-10,28
2026-04-20,2026-04-15,Domestic,PPS,DGT,Boeing 737-800,Pilot A,109,2.25,2.83,-10,36
2026-04-08,2026-04-06,Domestic,KLO,BCD,Boeing 737-800,Pilot H,170,1.9,2.43,35,26
2026-04-12,2026-04-11,Domestic,BCD,PPS,Boeing 737-800,Pilot G,91,1.63,2.33,8,49
2026-03-06,2026-03-04,Domestic,DVO,ILO,Airbus A321,Pilot I,127,2.48,3.3,-10,59
2026-03-20,2026-03-18,International,CRK,ILO,Airbus A320,Pilot D,96,11.94,12.24,7,20
2026-04-16,2026-04-15,Domestic,BCD,CRK,ATR 72-600,Pilot D,256,1.82,2.44,20,37
2026-04-20,2026-04-14,Domestic,DVO,PPS,Airbus A321,Pilot I,152,1.74,2.06,10,28
2026-03-27,2026-03-22,Domestic,BCD,DVO,Embraer E190,Pilot I,198,1.83,2.56,-10,54
2026-04-19,2026-04-17,Domestic,MNL,DGT,Airbus A320,Pilot B,154,1.82,2.26,53,25
2026-04-21,2026-04-19,Domestic,MNL,CEB,Boeing 737-800,Pilot C,42,3.18,4.16,34,64
2026-03-24,2026-03-17,Domestic,PPS,ILO,Boeing 737-800,Pilot H,98,2.5,3.03,5,42
2026-04-24,2026-04-17,Domestic,BCD,CRK,ATR 72-600,Pilot J,224,1.66,2.51,6,44
2026-03-18,2026-03-17,International,MNL,BCD,Airbus A320,Pilot C,152,11.29,11.6,20,23
2026-03-15,2026-03-10,Domestic,TAG,BCD,ATR 72-600,Pilot C,194,1.83,1.8,-10,-10
2026-04-11,2026-04-08,Domestic,MNL,DGT,Boeing 737-800,Pilot J,207,0.89,1.38,19,29
2026-04-08,2026-04-05,Domestic,DGT,PPS,Boeing 737-800,Pilot I,163,2.07,2.17,-10,4
2026-03-09,2026-03-04,International,PPS,DVO,Boeing 737-800,Pilot K,167,7.61,8.18,10,36
2026-04-20,2026-04-13,Domestic,DGT,DVO,Airbus A320,Pilot J,91,2.39,2.09,-10,1
2026-03-13,2026-03-08,Domestic,DGT,TAG,Airbus A321,Pilot L,94,1.28,0.93,-10,-13
2026-04-19,2026-04-12,International,CRK,ILO,Airbus A320,Pilot C,72,10.68,11.45,48,47
2026-03-01,2026-02-23,International,PPS,MNL,Airbus A321,Pilot D,105,7.98,7.92,13,-6
2026-04-18,2026-04-12,Domestic,DVO,TAG,Boeing 737-800,Pilot C,178,1.43,2.08,17,52
2026-04-18,2026-04-12,Domestic,ILO,BCD,Airbus A321,Pilot A,244,2.29,2.03,-10,-15
2026-04-17,2026-04-11,Domestic,DVO,MNL,Airbus A320,Pilot J,136,2.27,2.49,-1,21
2026-04-10,2026-04-08,International,ILO,PPS,Airbus A320,Pilot H,172,4.25,4.81,22,32
2026-03-29,2026-03-22,Domestic,TAG,BCD,Airbus A320,Pilot B,229,1.13,1.56,16,26
2026-04-13,2026-04-06,Domestic,ILO,BCD,Airbus A320,Pilot C,189,1.27,1.24,-10,-7
2026-03-17,2026-03-12,Domestic,MNL,TAG,Boeing 737-800,Pilot C,97,1.97,2.23,17,8
2026-04-17,2026-04-12,Domestic,CRK,ILO,Airbus A320,Pilot E,101,0.91,1.1,20,8
2026-04-03,2026-03-27,Domestic,PPS,ILO,ATR 72-600,Pilot F,180,1.8,3.17,40,76
2026-03-28,2026-03-26,Domestic,KLO,BCD,Airbus A320,Pilot D,103,2.69,2.73,-2,5
2026-03-31,2026-03-30,Domestic,KLO,CEB,Airbus A320,Pilot L,94,1.16,1.75,-10,15
2026-04-04,2026-03-28,International,ILO,CEB,ATR 72-600,Pilot C,170,4.89,5.08,-10,20
2026-03-03,2026-02-27,International,DVO,TAG,Airbus A321,Pilot G,179,8.62,8.36,-10,-12
2026-03-09,2026-03-03,Domestic,KLO,DVO,Airbus A321,Pilot F,95,2.01,2.8,28,41
2026-03-15,2026-03-11,Domestic,BCD,KLO,Embraer E190,Pilot E,50,2.0,2.02,-10,-4
2026-03-07,2026-03-03,Domestic,TAG,DVO,Embraer E190,Pilot J,208,2.14,1.97,2,-14
2026-03-27,2026-03-26,Domestic,BCD,DVO,Boeing 737-800,Pilot L,126,1.25,2.08,43,45
2026-04-10,2026-04-07,Domestic,DGT,KLO,Airbus A320,Pilot A,179,1.15,1.37,12,28
2026-04-09,2026-04-08,International,TAG,BCD,Boeing 737-800,Pilot F,77,8.08,8.74,32,28
2026-03-29,2026-03-25,Domestic,MNL,ILO,Embraer E190,Pilot B,109,1.75,1.54,-10,-11
2026-04-22,2026-04-21,Domestic,CRK,CEB,Embraer E190,Pilot F,173,1.5,1.52,-10,-8
2026-04-04,2026-03-29,International,CRK,DVO,Airbus A320,Pilot H,67,6.98,8.19,44,87
2026-03-05,2026-03-02,Domestic,MNL,CEB,Airbus A321,Pilot E,109,2.83,2.63,14,-14
2026-04-16,2026-04-10,Domestic,CEB,TAG,Airbus A321,Pilot D,198,0.88,1.28,14,28
2026-04-05,2026-04-04,Domestic,PPS,CRK,Airbus A320,Pilot D,209,2.6,2.5,-10,-10
2026-04-08,2026-04-07,Domestic,CRK,ILO,Boeing 737-800,Pilot D,117,1.72,1.87,14,7
2026-04-04,2026-04-01,Domestic,CEB,MNL,Airbus A320,Pilot D,65,2.24,2.12,-10,-10
2026-04-03,2026-03-28,Domestic,DVO,ILO,Airbus A321,Pilot E,45,1.39,2.18,38,55
2026-03-06,2026-02-28,International,DVO,DGT,Airbus A320,Pilot I,162,4.36,5.85,72,90
2026-04-04,2026-03-31,Domestic,CEB,ILO,Airbus A321,Pilot B,192,2.08,2.58,23,31
2026-04-18,2026-04-13,Domestic,CEB,BCD,Airbus A320,Pilot A,170,2.47,2.91,-2,23
2026-03-19,2026-03-14,Domestic,PPS,CEB,Airbus A321,Pilot G,129,1.27,1.69,-10,18
2026-04-06,2026-04-01,Domestic,TAG,CEB,Airbus A320,Pilot I,44,1.85,2.03,-10,10
2026-03-02,2026-02-24,Domestic,ILO,PPS,Embraer E190,Pilot D,89,1.87,2.4,46,41
2026-03-22,2026-03-21,Domestic,BCD,MNL,Airbus A320,Pilot C,47,1.32,1.4,-10,4
2026-03-27,2026-03-23,Domestic,DGT,ILO,Boeing 737-800,Pilot H,141,2.16,2.77,4,18
2026-04-29,2026-04-23,Domestic,TAG,CRK,Airbus A320,Pilot E,107,1.15,1.61,26,16
2026-03-14,2026-03-10,International,MNL,CRK,Airbus A320,Pilot I,55,10.85,10.86,45,22
2026-03-17,2026-03-15,Domestic,DGT,KLO,Airbus A320,Pilot B,173,1.07,0.83,8,-15
2026-03-25,2026-03-20,Domestic,MNL,DGT,Airbus A320,Pilot B,121,1.97,2.23,3,9
2026-04-30,2026-04-27,Domestic,MNL,CRK,Airbus A320,Pilot G,251,1.55,1.93,14,24
2026-04-22,2026-04-18,International,ILO,TAG,Airbus A321,Pilot E,131,8.8,8.49,-2,-15
2026-03-03,2026-02-27,Domestic,PPS,KLO,Boeing 737-800,Pilot I,59,1.84,2.19,-1,23
2026-03-15,2026-03-10,Domestic,MNL,PPS,Airbus A320,Pilot G,195,2.98,3.53,21,29
2026-04-20,2026-04-13,Domestic,DVO,MNL,Airbus A321,Pilot E,194,1.98,2.59,16,45
2026-03-04,2026-02-27,Domestic,DVO,TAG,Boeing 737-800,Pilot B,244,2.76,4.09,59,71
2026-04-22,2026-04-15,Domestic,CRK,MNL,Airbus A320,Pilot B,192,1.34,1.47,22,8
2026-03-18,2026-03-17,Domestic,DGT,ILO,Airbus A321,Pilot J,119,1.64,2.36,37,50
2026-04-25,2026-04-19,Domestic,CRK,BCD,Airbus A320,Pilot C,187,0.98,1.23,-10,7
2026-03-18,2026-03-15,Domestic,DVO,CRK,Airbus A320,Pilot G,215,1.81,1.94,24,19
2026-03-27,2026-03-21,International,CEB,MNL,Airbus A321,Pilot J,153,7.52,7.2,-4,-15
2026-04-10,2026-04-09,Domestic,CEB,BCD,Embraer E190,Pilot K,214,2.81,3.21,21,28
2026-03-08,2026-03-04,Domestic,CEB,MNL,Embraer E190,Pilot D,252,2.16,2.65,27,14
2026-04-03,2026-04-02,Domestic,KLO,BCD,Embraer E190,Pilot B,206,2.34,2.89,13,38
2026-03-31,2026-03-26,Domestic,ILO,PPS,Airbus A321,Pilot J,150,1.23,2.02,65,63
2026-04-17,2026-04-15,Domestic,ILO,DVO,Airbus A320,Pilot I,148,0.89,2.14,43,79
2026-04-30,2026-04-28,Domestic,TAG,DVO,Airbus A321,Pilot D,224,2.7,2.84,38,5
2026-04-10,2026-04-09,International,KLO,DVO,Airbus A320,Pilot H,232,10.29,10.98,29,36
2026-03-25,2026-03-23,International,CEB,DVO,Airbus A320,Pilot C,97,8.66,10.3,51,82
2026-03-25,2026-03-18,International,CRK,CEB,Airbus A320,Pilot I,42,8.33,8.25,-10,-15
2026-03-26,2026-03-19,International,CRK,DVO,Airbus A321,Pilot I,217,9.16,9.92,42,44
2026-04-19,2026-04-18,International,TAG,BCD,Airbus A321,Pilot D,91,6.3,5.99,-10,-12
2026-03-20,2026-03-13,Domestic,CRK,DVO,Airbus A320,Pilot F,259,1.71,1.79,0,-7
2026-03-11,2026-03-06,Domestic,CEB,PPS,Boeing 737-800,Pilot E,47,2.8,3.31,24,33
2026-03-21,2026-03-18,Domestic,PPS,TAG,Airbus A321,Pilot A,240,1.29,1.56,39,21
2026-03-02,2026-02-23,Domestic,ILO,PPS,ATR 72-600,Pilot B,189,1.83,1.66,-10,-7
2026-03-07,2026-03-05,Domestic,MNL,KLO,Airbus A320,Pilot L,106,1.66,1.76,1,15
2026-03-06,2026-03-04,International,BCD,CRK,Boeing 737-800,Pilot F,47,7.4,7.59,14,15
2026-04-17,2026-04-15,Domestic,DVO,DGT,Airbus A320,Pilot B,226,3.01,2.9,8,-5
2026-04-14,2026-04-12,Domestic,TAG,DVO,Airbus A321,Pilot A,66,2.36,3.36,31,55
2026-04-12,2026-04-08,Domestic,TAG,ILO,Airbus A320,Pilot E,60,1.07,2.79,88,106
2026-03-29,2026-03-28,Domestic,CRK,ILO,Airbus A320,Pilot L,213,1.96,1.92,21,7
2026-04-13,2026-04-11,Domestic,KLO,PPS,Boeing 737-800,Pilot E,189,1.39,0.95,-4,-15
2026-03-10,2026-03-07,International,KLO,DVO,Airbus A320,Pilot L,68,6.81,6.59,-10,-15
2026-04-24,2026-04-19,Domestic,BCD,PPS,Airbus A320,Pilot F,115,1.13,1.47,5,20
2026-03-31,2026-03-24,Domestic,MNL,DGT,Embraer E190,Pilot J,186,0.93,0.88,-9,1
2026-04-27,2026-04-26,Domestic,CRK,DVO,Airbus A320,Pilot J,184,2.49,3.12,22,41
2026-03-10,2026-03-05,Domestic,CEB,TAG,Boeing 737-800,Pilot A,119,1.89,2.29,22,21
2026-03-31,2026-03-30,Domestic,BCD,CEB,Boeing 737-800,Pilot A,130,2.81,2.81,2,-10
2026-04-12,2026-04-05,Domestic,MNL,DGT,Airbus A320,Pilot L,57,0.98,2.19,56,78
2026-03-31,2026-03-29,Domestic,KLO,CEB,Airbus A321,Pilot L,41,2.72,2.58,-4,-9
2026-03-28,2026-03-22,Domestic,PPS,TAG,Airbus A320,Pilot B,252,0.89,1.29,9,17
2026-03-11,2026-03-05,International,DGT,CRK,Boeing 737-800,Pilot H,90,9.53,9.49,26,3
2026-03-24,2026-03-21,Domestic,DVO,DGT,Airbus A320,Pilot L,243,1.91,2.36,32,27
2026-03-15,2026-03-12,International,MNL,CEB,Airbus A320,Pilot L,49,4.74,5.79,40,63
2026-03-19,2026-03-16,Domestic,PPS,ILO,Airbus A321,Pilot D,257,2.22,2.28,21,13
2026-04-11,2026-04-07,Domestic,MNL,DGT,ATR 72-600,Pilot J,133,0.86,1.8,35,55
2026-04-08,2026-04-04,International,MNL,DVO,ATR 72-600,Pilot H,217,9.47,9.22,-3,-15
2026-04-07,2026-04-02,Domestic,DGT,DVO,Embraer E190,Pilot L,224,2.55,3.07,32,27
2026-03-23,2026-03-19,Domestic,TAG,MNL,Boeing 737-800,Pilot B,117,1.3,1.72,32,34
2026-04-28,2026-04-22,Domestic,PPS,CRK,Boeing 737-800,Pilot H,202,2.38,3.73,45,81
2026-03-06,2026-03-02,Domestic,TAG,CRK,Airbus A321,Pilot A,113,2.6,2.52,-10,-15
2026-03-21,2026-03-18,Domestic,MNL,BCD,ATR 72-600,Pilot E,213,0.94,1.34,-8,9
2026-03-08,2026-03-05,International,MNL,DVO,Boeing 737-800,Pilot A,250,10.11,11.16,30,54
2026-03-21,2026-03-15,International,CRK,CEB,Airbus A321,Pilot F,217,6.36,5.97,-10,-15
2026-04-28,2026-04-27,Domestic,MNL,CEB,Boeing 737-800,Pilot J,200,1.73,2.13,23,21
2026-03-23,2026-03-20,Domestic,TAG,DGT,Boeing 737-800,Pilot H,121,1.01,1.67,35,43
2026-04-25,2026-04-22,Domestic,MNL,DGT,Airbus A320,Pilot D,63,2.81,2.59,-1,-15
2026-03-31,2026-03-26,Domestic,KLO,DVO,Airbus A321,Pilot F,151,2.15,2.06,3,0
2026-04-12,2026-04-11,Domestic,TAG,CEB,Airbus A321,Pilot E,68,2.01,2.1,-10,18
2026-03-28,2026-03-24,International,PPS,MNL,ATR 72-600,Pilot I,151,10.77,10.98,1,15
2026-03-17,2026-03-12,International,DVO,DGT,Airbus A321,Pilot D,231,8.32,8.46,1,3
2026-04-16,2026-04-09,Domestic,ILO,PPS,ATR 72-600,Pilot B,64,2.94,3.04,-3,4
2026-04-29,2026-04-25,Domestic,KLO,PPS,Airbus A321,Pilot G,238,2.53,2.76,-4,11
2026-03-17,2026-03-10,Domestic,PPS,DVO,ATR 72-600,Pilot J,171,3.03,3.47,6,25
2026-04-17,2026-04-12,Domestic,ILO,BCD,Airbus A320,Pilot F,50,2.98,3.05,6,1
2026-03-16,2026-03-10,Domestic,DVO,MNL,Embraer E190,Pilot C,198,3.18,4.68,53,86
2026-04-13,2026-04-11,Domestic,PPS,BCD,Airbus A321,Pilot A,40,1.12,1.62,3,32
2026-04-18,2026-04-11,Domestic,TAG,KLO,Airbus A320,Pilot L,174,2.71,3.34,20,37
2026-03-28,2026-03-26,Domestic,ILO,CRK,Airbus A320,Pilot J,151,2.73,2.76,-1,-11
2026-04-14,2026-04-13,International,MNL,PPS,Airbus A320,Pilot B,204,11.01,10.79,-1,-14
2026-03-17,2026-03-16,Domestic,KLO,BCD,Airbus A321,Pilot A,122,1.47,1.29,-10,-11
2026-03-05,2026-02-28,International,TAG,ILO,Boeing 737-800,Pilot B,66,6.17,6.12,-10,-4
2026-03-06,2026-03-01,Domestic,DGT,CEB,Embraer E190,Pilot E,125,1.29,1.01,-10,-15
2026-03-28,2026-03-26,Domestic,ILO,MNL,Boeing 737-800,Pilot J,207,2.0,2.45,16,30
2026-04-25,2026-04-18,Domestic,CEB,DGT,Boeing 737-800,Pilot B,249,2.05,3.14,36,64
2026-03-08,2026-03-06,Domestic,KLO,DVO,Airbus A321,Pilot J,85,1.19,1.21,-10,5
2026-03-28,2026-03-23,Domestic,TAG,CRK,ATR 72-600,Pilot A,117,2.53,2.4,0,-7
2026-04-12,2026-04-08,Domestic,DGT,BCD,ATR 72-600,Pilot I,232,1.01,0.67,-10,-15
2026-03-13,2026-03-08,International,MNL,DVO,Airbus A321,Pilot D,108,10.25,10.53,6,16
2026-04-14,2026-04-08,Domestic,DVO,CRK,Embraer E190,Pilot L,93,2.84,3.54,36,38
2026-03-19,2026-03-12,Domestic,ILO,PPS,Airbus A321,Pilot F,222,1.64,1.86,2,15
2026-04-19,2026-04-13,Domestic,MNL,KLO,ATR 72-600,Pilot D,148,2.5,2.71,11,27
2026-04-05,2026-03-29,Domestic,TAG,BCD,Embraer E190,Pilot C,168,1.18,2.4,44,69
2026-04-03,2026-03-27,Domestic,CEB,MNL,Boeing 737-800,Pilot J,147,2.83,2.96,22,7
2026-03-11,2026-03-08,Domestic,BCD,ILO,Airbus A320,Pilot E,172,3.08,3.03,-5,4
2026-03-29,2026-03-25,International,DGT,ILO,Boeing 737-800,Pilot E,99,6.01,6.32,15,13
2026-04-22,2026-04-20,Domestic,BCD,DGT,Airbus A320,Pilot I,201,2.46,2.24,-6,-3
2026-03-02,2026-02-23,Domestic,PPS,CEB,ATR 72-600,Pilot G,119,2.01,2.84,21,42
2026-04-16,2026-04-09,Domestic,DVO,CEB,Airbus A321,Pilot H,155,2.08,2.84,23,46
2026-03-31,2026-03-24,Domestic,TAG,PPS,Boeing 737-800,Pilot F,80,2.5,2.56,-10,20
2026-04-13,2026-04-07,International,ILO,BCD,ATR 72-600,Pilot A,42,11.78,12.28,16,29
2026-04-10,2026-04-04,Domestic,MNL,TAG,Airbus A320,Pilot A,165,2.24,2.39,9,12
2026-03-27,2026-03-21,Domestic,CRK,DVO,Airbus A321,Pilot A,70,1.35,1.68,24,24
2026-03-19,2026-03-17,Domestic,CRK,DGT,Boeing 737-800,Pilot G,240,1.71,1.69,30,4
2026-04-08,2026-04-06,Domestic,KLO,DVO,Airbus A321,Pilot G,251,2.88,3.73,23,52
2026-03-09,2026-03-05,Domestic,DVO,BCD,Airbus A320,Pilot I,109,1.06,1.07,5,4
2026-04-05,2026-04-02,Domestic,ILO,CEB,Airbus A320,Pilot K,103,2.23,2.79,33,47
2026-03-06,2026-02-28,Domestic,ILO,DGT,Airbus A321,Pilot C,151,1.24,1.56,-7,10
2026-04-09,2026-04-03,Domestic,CRK,DVO,Boeing 737-800,Pilot L,84,2.83,2.55,-10,-15
2026-04-08,2026-04-01,International,BCD,TAG,Boeing 737-800,Pilot L,229,5.17,4.83,-10,-15
2026-03-06,2026-02-28,Domestic,CRK,CEB,Airbus A320,Pilot H,62,1.77,2.35,10,43
2026-04-16,2026-04-15,Domestic,PPS,CEB,Airbus A321,Pilot G,139,1.4,1.56,-6,4
2026-03-26,2026-03-23,Domestic,DVO,ILO,Airbus A321,Pilot C,81,1.85,1.96,21,16
2026-04-18,2026-04-15,International,TAG,MNL,Airbus A320,Pilot C,222,9.49,9.39,-10,-7
2026-03-03,2026-02-26,Domestic,CRK,CEB,Boeing 737-800,Pilot A,71,2.02,2.33,-2,23
2026-03-11,2026-03-08,Domestic,MNL,BCD,Airbus A321,Pilot H,138,1.93,2.6,22,44
2026-03-31,2026-03-24,Domestic,CEB,DGT,Boeing 737-800,Pilot F,223,2.59,2.21,-10,-15
2026-03-12,2026-03-09,Domestic,TAG,DVO,Embraer E190,Pilot C,136,1.71,2.55,21,55
2026-03-21,2026-03-17,Domestic,TAG,KLO,Boeing 737-800,Pilot B,80,1.83,2.2,0,22
2026-04-10,2026-04-04,Domestic,DVO,ILO,Boeing 737-800,Pilot A,74,1.61,1.85,11,13
2026-03-09,2026-03-06,Domestic,BCD,CEB,Airbus A320,Pilot H,173,1.16,1.22,25,9
2026-04-11,2026-04-10,International,KLO,BCD,Airbus A320,Pilot I,67,6.62,7.56,33,57
2026-03-07,2026-03-04,Domestic,CEB,BCD,Airbus A320,Pilot H,118,2.9,3.47,14,28
2026-03-11,2026-03-08,Domestic,ILO,PPS,ATR 72-600,Pilot B,174,2.97,2.52,-6,-15
2026-04-05,2026-03-31,Domestic,BCD,DGT,ATR 72-600,Pilot A,123,2.91,2.96,2,3
2026-04-18,2026-04-13,Domestic,DGT,CEB,Airbus A320,Pilot B,222,1.88,3.22,26,87
2026-03-11,2026-03-07,Domestic,TAG,ILO,Airbus A320,Pilot J,191,1.48,1.27,-10,-5
2026-03-19,2026-03-16,Domestic,MNL,DVO,Airbus A321,Pilot I,69,2.33,2.36,8,0
2026-04-26,2026-04-22,International,DVO,DGT,Boeing 737-800,Pilot D,219,8.06,7.84,4,-9
2026-04-30,2026-04-28,Domestic,ILO,KLO,Boeing 737-800,Pilot A,240,2.54,3.18,10,47
2026-04-05,2026-04-03,Domestic,CEB,MNL,Boeing 737-800,Pilot D,84,1.99,2.32,-10,10
2026-03-28,2026-03-23,Domestic,KLO,BCD,ATR 72-600,Pilot J,118,2.45,2.89,-10,20
2026-03-22,2026-03-15,International,MNL,CRK,Airbus A321,Pilot B,126,8.38,8.68,23,32
2026-04-07,2026-04-03,Domestic,CEB,DVO,Boeing 737-800,Pilot J,133,3.01,3.85,33,61
2026-04-06,2026-04-05,Domestic,MNL,PPS,Boeing 737-800,Pilot F,142,2.63,2.45,-10,-15
2026-03-18,2026-03-11,International,DVO,KLO,Airbus A321,Pilot B,236,7.87,8.3,20,28
2026-03-02,2026-02-27,Domestic,PPS,ILO,ATR 72-600,Pilot L,183,1.46,2.41,36,46
2026-03-10,2026-03-04,International,CEB,KLO,Airbus A320,Pilot G,237,10.34,11.33,25,55
2026-04-28,2026-04-21,Domestic,DGT,TAG,Boeing 737-800,Pilot I,117,1.59,1.86,3,14
2026-03-26,2026-03-19,Domestic,DVO,KLO,Boeing 737-800,Pilot B,155,3.06,2.69,-9,-15
2026-03-30,2026-03-29,Domestic,MNL,CEB,ATR 72-600,Pilot E,63,2.02,2.41,14,20
2026-03-29,2026-03-27,International,CRK,MNL,Boeing 737-800,Pilot H,100,9.93,9.64,17,-8
2026-04-17,2026-04-12,Domestic,PPS,CRK,Airbus A321,Pilot H,168,1.64,1.55,14,-15
2026-03-04,2026-02-26,Domestic,CEB,MNL,ATR 72-600,Pilot A,77,2.33,2.85,8,28
2026-03-06,2026-02-28,Domestic,MNL,CRK,ATR 72-600,Pilot H,251,2.05,1.75,-10,-12
2026-03-17,2026-03-13,Domestic,TAG,MNL,Boeing 737-800,Pilot L,99,1.11,1.56,21,21
2026-03-30,2026-03-28,Domestic,KLO,CRK,ATR 72-600,Pilot J,75,2.89,3.86,22,42
2026-04-10,2026-04-05,Domestic,CRK,KLO,Airbus A320,Pilot C,211,1.66,2.4,16,46
2026-03-30,2026-03-25,International,PPS,CEB,Boeing 737-800,Pilot K,59,4.14,4.69,14,29
2026-03-27,2026-03-23,Domestic,TAG,ILO,ATR 72-600,Pilot I,111,1.29,2.72,49,89
2026-04-27,2026-04-22,Domestic,CRK,DGT,Airbus A321,Pilot A,83,2.13,2.34,-2,12
2026-03-10,2026-03-08,Domestic,KLO,MNL,Airbus A321,Pilot B,192,2.48,3.13,40,50
2026-04-04,2026-03-29,Domestic,MNL,DVO,Embraer E190,Pilot L,225,2.91,2.99,-4,5
2026-04-03,2026-04-02,Domestic,CRK,DVO,ATR 72-600,Pilot C,82,0.92,1.23,36,18
2026-03-29,2026-03-23,Domestic,KLO,TAG,ATR 72-600,Pilot B,131,3.14,4.37,39,61
2026-04-19,2026-04-13,Domestic,CEB,ILO,Airbus A321,Pilot F,145,2.49,2.02,6,-15
2026-03-17,2026-03-12,Domestic,DGT,BCD,Embraer E190,Pilot G,192,1.48,2.16,49,43
2026-04-28,2026-04-22,Domestic,DGT,MNL,Airbus A320,Pilot G,117,1.29,1.89,22,27
2026-03-21,2026-03-14,Domestic,DVO,PPS,Boeing 737-800,Pilot H,155,1.51,1.23,-7,-15
2026-04-03,2026-04-01,Domestic,CRK,MNL,Airbus A321,Pilot L,150,2.9,2.9,4,1
2026-04-01,2026-03-28,Domestic,CEB,PPS,ATR 72-600,Pilot J,42,1.5,2.65,37,75
2026-04-21,2026-04-16,Domestic,KLO,CEB,ATR 72-600,Pilot A,165,1.91,2.75,32,57
2026-03-27,2026-03-20,Domestic,CEB,TAG,Boeing 737-800,Pilot B,164,2.49,2.02,-10,-15
2026-03-18,2026-03-12,International,CRK,DVO,Boeing 737-800,Pilot A,258,4.24,4.26,9,6
2026-03-02,2026-02-25,Domestic,KLO,CEB,Airbus A321,Pilot E,152,2.38,2.23,16,-2
2026-03-23,2026-03-19,Domestic,BCD,CRK,Boeing 737-800,Pilot E,237,2.61,2.94,1,19
2026-04-20,2026-04-18,Domestic,KLO,MNL,Boeing 737-800,Pilot L,116,1.22,2.21,64,65
2026-03-01,2026-02-26,Domestic,DVO,CEB,Airbus A320,Pilot E,193,2.91,2.64,17,-13
2026-04-24,2026-04-20,Domestic,PPS,KLO,Boeing 737-800,Pilot A,238,1.46,1.71,11,18
2026-04-03,2026-03-27,Domestic,BCD,CRK,ATR 72-600,Pilot K,73,1.11,1.95,38,51
2026-03-09,2026-03-02,Domestic,PPS,CRK,Boeing 737-800,Pilot D,164,3.14,3.51,4,26
2026-03-19,2026-03-14,International,ILO,TAG,ATR 72-600,Pilot K,242,9.27,9.78,34,38
2026-04-03,2026-04-02,Domestic,TAG,CEB,Airbus A321,Pilot J,162,1.13,0.94,-10,-12
2026-03-20,2026-03-14,Domestic,CRK,TAG,Boeing 737-800,Pilot K,236,2.3,3.14,2,43
2026-03-07,2026-03-03,Domestic,TAG,CEB,Airbus A320,Pilot J,132,1.57,2.25,35,40
2026-04-10,2026-04-05,International,DVO,ILO,Airbus A321,Pilot B,235,5.2,6.21,47,65
2026-04-11,2026-04-07,Domestic,DVO,CRK,Airbus A321,Pilot H,178,2.24,2.06,-5,-10
2026-03-08,2026-03-02,Domestic,KLO,MNL,Airbus A320,Pilot E,145,2.62,2.52,-8,9
2026-03-18,2026-03-16,Domestic,KLO,MNL,Airbus A320,Pilot H,87,2.7,2.73,24,3
2026-03-15,2026-03-13,Domestic,PPS,TAG,Boeing 737-800,Pilot I,77,1.17,1.04,-2,-5
2026-04-10,2026-04-08,International,DVO,MNL,Airbus A321,Pilot G,103,11.67,11.37,6,-11
2026-04-14,2026-04-07,Domestic,TAG,PPS,Airbus A321,Pilot D,205,2.75,3.08,31,25
2026-04-14,2026-04-13,Domestic,CRK,DGT,Airbus A320,Pilot K,142,1.19,1.61,0,28
2026-04-27,2026-04-24,Domestic,KLO,ILO,Boeing 737-800,Pilot H,125,1.3,1.17,-10,-15
2026-04-16,2026-04-13,Domestic,DGT,CRK,Airbus A321,Pilot K,142,0.81,1.07,-10,8
2026-03-20,2026-03-14,International,KLO,PPS,Airbus A321,Pilot C,115,9.3,9.92,12,44
2026-03-07,2026-03-04,Domestic,BCD,DGT,Boeing 737-800,Pilot K,217,1.27,1.12,-10,-5
2026-04-07,2026-03-31,Domestic,DGT,CEB,Airbus A320,Pilot D,125,2.54,2.95,5,28
2026-04-25,2026-04-18,International,DGT,MNL,ATR 72-600,Pilot F,143,8.95,9.13,-10,5
2026-04-29,2026-04-24,International,ILO,DGT,Airbus A320,Pilot K,162,10.63,11.56,48,55
2026-03-15,2026-03-12,Domestic,ILO,CEB,Airbus A321,Pilot E,182,2.36,3.69,60,79
2026-03-15,2026-03-10,Domestic,CEB,MNL,Airbus A320,Pilot D,113,1.31,1.84,-10,28
2026-03-03,2026-02-26,Domestic,KLO,PPS,Boeing 737-800,Pilot K,56,0.84,0.97,18,12
2026-03-09,2026-03-08,Domestic,DGT,MNL,Airbus A321,Pilot L,191,2.62,2.53,-9,-15
2026-04-03,2026-03-28,Domestic,ILO,BCD,ATR 72-600,Pilot D,163,1.84,1.71,5,-8
2026-04-03,2026-03-30,Domestic,CRK,MNL,Airbus A321,Pilot D,182,3.07,4.22,52,75
2026-03-23,2026-03-17,International,CEB,BCD,Boeing 737-800,Pilot C,159,11.2,11.62,2,27
2026-03-19,2026-03-14,International,CRK,DVO,Airbus A320,Pilot A,151,11.84,12.0,6,1
2026-04-20,2026-04-13,International,DVO,MNL,Airbus A320,Pilot G,248,11.08,10.78,-9,-15
2026-03-29,2026-03-28,International,DGT,MNL,Airbus A321,Pilot D,51,4.41,5.02,37,30
2026-04-19,2026-04-18,Domestic,KLO,CEB,Boeing 737-800,Pilot K,60,2.91,2.92,-10,5
2026-04-28,2026-04-27,Domestic,CEB,KLO,Airbus A321,Pilot C,246,2.46,2.47,2,6
2026-03-20,2026-03-13,Domestic,MNL,ILO,Embraer E190,Pilot H,235,1.62,2.02,11,19
2026-03-13,2026-03-06,Domestic,TAG,PPS,Boeing 737-800,Pilot G,130,2.07,1.85,-3,-7
2026-04-28,2026-04-21,Domestic,DGT,BCD,Embraer E190,Pilot H,158,2.41,3.41,31,54
2026-04-08,2026-04-05,Domestic,PPS,DVO,Airbus A321,Pilot B,138,2.68,3.54,38,49
2026-03-18,2026-03-16,Domestic,CEB,DGT,ATR 72-600,Pilot F,259,0.99,0.99,-10,6
2026-04-07,2026-04-04,Domestic,MNL,BCD,Boeing 737-800,Pilot H,140,0.85,1.94,58,66
2026-04-01,2026-03-26,Domestic,CEB,BCD,Boeing 737-800,Pilot E,207,1.07,1.07,-10,4
2026-04-25,2026-04-23,Domestic,PPS,CEB,Embraer E190,Pilot K,120,1.75,2.68,40,53
2026-03-16,2026-03-12,Domestic,PPS,TAG,Boeing 737-800,Pilot G,123,1.92,2.2,15,3
2026-04-30,2026-04-25,Domestic,TAG,KLO,ATR 72-600,Pilot E,188,1.13,1.3,1,13
2026-04-27,2026-04-24,Domestic,MNL,DGT,Boeing 737-800,Pilot A,127,1.79,2.22,3,22
2026-03-12,2026-03-08,International,CEB,ILO,Airbus A320,Pilot C,43,8.46,9.08,11,37
2026-03-11,2026-03-06,Domestic,DGT,BCD,Boeing 737-800,Pilot F,78,1.06,1.55,17,29
2026-04-02,2026-03-27,Domestic,DGT,CRK,Airbus A321,Pilot E,232,3.0,2.73,-8,-15
2026-03-03,2026-03-01,Domestic,PPS,MNL,ATR 72-600,Pilot K,120,2.24,2.09,7,-3
2026-03-19,2026-03-15,Domestic,CEB,KLO,ATR 72-600,Pilot J,62,1.73,1.64,-5,-8
2026-03-27,2026-03-25,International,MNL,TAG,Airbus A320,Pilot B,246,5.72,5.65,-10,-2
2026-04-29,2026-04-28,Domestic,MNL,PPS,Airbus A320,Pilot H,259,1.55,1.39,-6,-3
2026-04-30,2026-04-25,Domestic,BCD,CRK,Airbus A320,Pilot F,149,2.85,2.72,-10,-15
2026-03-10,2026-03-06,Domestic,TAG,BCD,Airbus A321,Pilot B,178,2.18,1.99,3,-12
2026-04-24,2026-04-22,Domestic,BCD,MNL,Airbus A320,Pilot H,206,1.99,1.78,22,-11
2026-03-06,2026-03-05,International,DVO,MNL,Boeing 737-800,Pilot G,54,6.9,6.81,15,-15
2026-04-15,2026-04-08,Domestic,PPS,KLO,Boeing 737-800,Pilot B,105,2.81,3.56,55,58
2026-04-21,2026-04-15,Domestic,MNL,BCD,ATR 72-600,Pilot F,163,2.75,3.52,-10,37
2026-04-24,2026-04-17,Domestic,TAG,DGT,Airbus A320,Pilot I,160,1.34,2.22,22,59
2026-03-14,2026-03-13,Domestic,TAG,PPS,Boeing 737-800,Pilot D,112,1.17,1.18,12,-1
2026-04-24,2026-04-23,International,PPS,DVO,Airbus A320,Pilot E,40,11.46,12.02,30,38
2026-03-08,2026-03-06,International,TAG,DVO,ATR 72-600,Pilot B,249,7.31,7.32,28,7
2026-04-01,2026-03-31,Domestic,KLO,ILO,Airbus A320,Pilot C,175,2.44,2.41,8,-11
2026-03-29,2026-03-25,Domestic,ILO,TAG,Airbus A320,Pilot L,206,2.63,2.84,16,-1
2026-03-20,2026-03-15,Domestic,CRK,CEB,Airbus A320,Pilot H,136,1.51,1.43,-4,-3
2026-03-02,2026-02-28,Domestic,DGT,MNL,ATR 72-600,Pilot C,151,1.48,1.99,26,28
2026-04-17,2026-04-14,International,BCD,MNL,Airbus A320,Pilot F,137,11.09,11.1,-10,0
2026-03-21,2026-03-17,Domestic,CEB,DGT,Boeing 737-800,Pilot C,134,1.46,2.43,29,46
2026-04-10,2026-04-07,Domestic,DGT,MNL,Boeing 737-800,Pilot F,187,2.4,2.31,11,10
2026-03-26,2026-03-22,International,MNL,DGT,ATR 72-600,Pilot B,259,9.42,9.58,1,7
2026-03-23,2026-03-18,Domestic,KLO,PPS,Airbus A320,Pilot H,211,1.93,1.71,7,-8
2026-04-24,2026-04-17,Domestic,CEB,CRK,Airbus A320,Pilot G,186,2.54,2.07,8,-11
2026-03-06,2026-03-03,Domestic,BCD,TAG,Airbus A321,Pilot H,42,2.03,2.3,41,19
2026-04-14,2026-04-13,Domestic,ILO,CEB,Airbus A320,Pilot F,153,2.51,4.4,83,100
2026-04-15,2026-04-08,Domestic,ILO,CEB,Boeing 737-800,Pilot D,250,1.34,1.89,39,38
2026-03-24,2026-03-19,Domestic,BCD,KLO,Airbus A321,Pilot C,127,2.57,2.41,0,-15
2026-03-17,2026-03-13,International,PPS,DVO,Airbus A321,Pilot C,160,9.53,10.17,26,30
2026-03-01,2026-02-23,International,CRK,DVO,Airbus A320,Pilot F,111,9.68,9.85,27,10
2026-04-27,2026-04-20,Domestic,DGT,CEB,Boeing 737-800,Pilot F,82,2.13,2.59,-8,27
2026-04-27,2026-04-26,Domestic,ILO,BCD,Airbus A320,Pilot I,195,2.85,2.39,-10,-15
2026-03-15,2026-03-08,Domestic,CEB,MNL,Boeing 737-800,Pilot A,108,1.4,1.78,11,28
2026-03-02,2026-02-25,International,MNL,DVO,Airbus A320,Pilot D,169,10.79,11.82,30,55
2026-03-08,2026-03-03,Domestic,DVO,KLO,Embraer E190,Pilot K,170,3.09,2.85,-10,-15
2026-03-05,2026-02-26,Domestic,BCD,ILO,Boeing 737-800,Pilot K,226,2.88,2.96,-4,2
2026-04-20,2026-04-17,Domestic,KLO,BCD,Airbus A320,Pilot L,246,1.76,2.44,25,40
2026-04-24,2026-04-18,Domestic,CRK,DVO,Airbus A320,Pilot D,161,2.26,2.86,13,20
2026-03-10,2026-03-06,Domestic,ILO,BCD,Airbus A321,Pilot B,51,3.18,4.03,43,54
2026-04-15,2026-04-08,Domestic,TAG,PPS,Airbus A320,Pilot C,168,2.16,2.1,-10,-15
2026-03-11,2026-03-07,Domestic,KLO,CRK,Airbus A320,Pilot B,234,1.08,2.41,64,79
2026-03-23,2026-03-17,International,MNL,DVO,ATR 72-600,Pilot L,145,11.2,11.17,-10,-14
2026-04-06,2026-04-02,International,MNL,KLO,Boeing 737-800,Pilot K,164,10.71,10.58,-10,1
2026-04-13,2026-04-10,Domestic,ILO,KLO,Airbus A320,Pilot J,207,1.82,2.39,11,33
2026-04-23,2026-04-20,Domestic,ILO,MNL,Boeing 737-800,Pilot I,136,1.39,1.46,-10,7
2026-03-03,2026-02-24,Domestic,TAG,KLO,Airbus A320,Pilot E,131,1.63,2.01,11,22
2026-03-12,2026-03-06,Domestic,KLO,CEB,Embraer E190,Pilot F,146,2.62,3.22,10,27
2026-03-18,2026-03-16,Domestic,PPS,KLO,Airbus A320,Pilot K,227,1.92,2.38,8,25
2026-03-19,2026-03-12,International,KLO,DGT,Boeing 737-800,Pilot J,147,11.42,11.98,-7,25
2026-04-30,2026-04-25,Domestic,CRK,KLO,ATR 72-600,Pilot G,111,2.56,2.91,22,26
2026-04-17,2026-04-16,International,BCD,PPS,Airbus A320,Pilot K,171,10.15,10.27,5,13
2026-03-20,2026-03-14,Domestic,BCD,CRK,Airbus A320,Pilot E,192,2.93,3.9,36,58
2026-04-29,2026-04-27,Domestic,PPS,DGT,Airbus A321,Pilot E,240,1.41,1.47,8,4
2026-03-31,2026-03-24,Domestic,CEB,TAG,ATR 72-600,Pilot K,236,2.38,2.11,-9,-15
2026-03-31,2026-03-27,Domestic,BCD,DGT,Boeing 737-800,Pilot E,212,0.85,0.8,-10,4
2026-03-27,2026-03-20,Domestic,DVO,PPS,Boeing 737-800,Pilot J,209,3.18,3.47,8,9
2026-03-09,2026-03-05,Domestic,PPS,BCD,ATR 72-600,Pilot F,138,1.43,1.14,-10,-15
2026-04-26,2026-04-25,Domestic,PPS,KLO,ATR 72-600,Pilot D,115,2.4,2.64,-10,4
2026-03-01,2026-02-23,Domestic,BCD,DGT,Airbus A321,Pilot C,163,2.84,3.76,24,55
2026-03-11,2026-03-05,Domestic,DGT,TAG,Boeing 737-800,Pilot H,195,1.19,1.02,-10,-15
2026-03-15,2026-03-12,Domestic,KLO,ILO,Boeing 737-800,Pilot F,154,2.83,4.0,43,66
2026-03-18,2026-03-16,International,MNL,DVO,Airbus A320,Pilot E,85,6.71,6.36,16,-15
2026-03-09,2026-03-02,Domestic,BCD,MNL,ATR 72-600,Pilot I,43,1.86,2.05,11,9
2026-03-02,2026-02-24,Domestic,PPS,DVO,Airbus A320,Pilot A,52,1.93,2.63,-10,28
2026-04-11,2026-04-08,International,CEB,MNL,Airbus A320,Pilot B,133,5.86,6.36,29,28
2026-04-29,2026-04-24,International,CEB,DVO,ATR 72-600,Pilot L,214,11.62,12.04,12,19
2026-03-08,2026-03-06,Domestic,DVO,CEB,Airbus A321,Pilot H,213,3.0,3.35,-3,16
2026-03-19,2026-03-17,Domestic,TAG,DGT,Airbus A320,Pilot G,217,1.58,1.45,16,-10
2026-03-31,2026-03-26,Domestic,KLO,MNL,Airbus A320,Pilot A,195,2.19,2.15,-10,-4
2026-04-26,2026-04-20,Domestic,DGT,BCD,Boeing 737-800,Pilot H,45,2.91,2.91,-10,-4
2026-04-12,2026-04-05,Domestic,TAG,CRK,ATR 72-600,Pilot F,234,2.66,3.23,-10,29
2026-04-16,2026-04-12,Domestic,KLO,CEB,Airbus A320,Pilot H,248,0.9,0.79,20,3
2026-04-05,2026-04-03,Domestic,BCD,PPS,Airbus A320,Pilot A,226,3.06,3.26,12,10
2026-03-26,2026-03-22,Domestic,CRK,DGT,Airbus A321,Pilot G,138,0.91,1.27,35,23
2026-03-13,2026-03-08,Domestic,MNL,PPS,Embraer E190,Pilot G,87,2.21,1.91,-8,-15
2026-04-22,2026-04-15,Domestic,CRK,DGT,Airbus A320,Pilot D,239,2.18,3.17,25,50
2026-04-19,2026-04-18,Domestic,KLO,BCD,Embraer E190,Pilot A,80,2.69,2.84,9,14
2026-03-02,2026-02-25,Domestic,CEB,BCD,ATR 72-600,Pilot L,213,1.16,0.76,-9,-14
2026-04-13,2026-04-09,Domestic,DVO,CEB,Airbus A321,Pilot I,252,1.23,1.59,20,16
2026-03-06,2026-03-01,Domestic,MNL,TAG,ATR 72-600,Pilot H,238,2.61,2.54,11,6
2026-04-15,2026-04-14,Domestic,PPS,DVO,Boeing 737-800,Pilot J,154,1.16,0.83,-2,-6
2026-04-20,2026-04-19,Domestic,TAG,DVO,Boeing 737-800,Pilot I,223,1.93,1.96,13,-5
2026-03-08,2026-03-03,Domestic,TAG,CRK,Airbus A321,Pilot B,222,2.56,2.73,9,9
2026-03-27,2026-03-25,Domestic,CRK,BCD,ATR 72-600,Pilot F,254,2.36,2.55,9,8
2026-03-08,2026-03-03,International,KLO,MNL,ATR 72-600,Pilot K,119,6.65,6.5,3,-6
2026-04-04,2026-04-03,Domestic,DGT,TAG,ATR 72-600,Pilot D,178,1.53,1.33,-10,-2
2026-04-26,2026-04-20,International,KLO,DVO,Embraer E190,Pilot L,219,5.56,5.8,14,23
2026-03-05,2026-03-02,Domestic,DVO,MNL,Airbus A321,Pilot A,89,1.88,1.66,-6,-11
2026-03-25,2026-03-21,Domestic,CRK,BCD,ATR 72-600,Pilot D,89,0.91,0.62,-10,-8
2026-04-29,2026-04-26,Domestic,PPS,TAG,ATR 72-600,Pilot E,125,1.33,2.22,7,51
2026-03-19,2026-03-16,Domestic,ILO,DVO,Airbus A320,Pilot H,119,1.62,2.75,28,71
2026-03-09,2026-03-05,International,TAG,KLO,Airbus A320,Pilot C,205,7.9,7.96,16,2
2026-03-30,2026-03-25,International,TAG,BCD,Airbus A321,Pilot C,245,7.1,6.94,0,-11
2026-04-01,2026-03-27,International,MNL,DGT,ATR 72-600,Pilot H,74,9.84,9.64,-1,-15
2026-04-10,2026-04-03,Domestic,PPS,CRK,Airbus A321,Pilot D,111,2.03,2.92,26,50
2026-03-20,2026-03-18,Domestic,CRK,DVO,Boeing 737-800,Pilot K,244,1.0,0.76,-10,-12
2026-04-28,2026-04-21,Domestic,KLO,BCD,Airbus A320,Pilot K,170,1.46,2.13,30,39
2026-04-01,2026-03-27,Domestic,DVO,CEB,Airbus A321,Pilot D,85,3.18,3.72,-10,31
2026-03-18,2026-03-15,Domestic,CRK,CEB,Boeing 737-800,Pilot G,172,2.49,2.12,-10,-5
2026-04-28,2026-04-21,Domestic,CRK,PPS,Airbus A320,Pilot D,232,0.92,1.31,1,19
2026-04-26,2026-04-21,Domestic,MNL,TAG,ATR 72-600,Pilot E,122,1.88,3.13,60,74
2026-03-31,2026-03-29,International,PPS,DGT,Airbus A320,Pilot I,146,10.93,11.71,49,43
2026-03-02,2026-02-28,Domestic,CEB,BCD,ATR 72-600,Pilot D,174,1.1,1.81,28,52
2026-04-06,2026-04-01,Domestic,CRK,ILO,Airbus A320,Pilot B,224,2.21,2.34,20,10
2026-04-03,2026-03-28,Domestic,CEB,DGT,Embraer E190,Pilot D,164,2.01,2.2,-10,19
2026-03-10,2026-03-09,Domestic,CEB,DVO,Boeing 737-800,Pilot L,250,2.58,2.82,15,9
2026-04-08,2026-04-03,Domestic,CRK,BCD,Airbus A320,Pilot D,206,2.94,2.7,0,-4
2026-04-21,2026-04-17,Domestic,DGT,CRK,Airbus A320,Pilot E,132,1.39,1.03,-6,-15
2026-03-07,2026-02-28,Domestic,DGT,ILO,Airbus A320,Pilot H,147,3.02,3.13,15,3
2026-04-14,2026-04-08,Domestic,CRK,CEB,Boeing 737-800,Pilot B,193,2.04,1.95,2,-1
2026-03-09,2026-03-02,International,KLO,ILO,ATR 72-600,Pilot D,55,11.45,11.21,31,-8
2026-04-15,2026-04-14,Domestic,DGT,DVO,Airbus A321,Pilot C,89,2.83,2.79,-10,-9
2026-03-26,2026-03-20,Domestic,DVO,CEB,Airbus A321,Pilot L,92,0.89,1.17,14,10
2026-03-01,2026-02-26,Domestic,DGT,CEB,Boeing 737-800,Pilot L,216,2.14,2.43,-7,12
2026-04-28,2026-04-24,Domestic,CEB,KLO,Boeing 737-800,Pilot J,220,2.53,2.9,3,16
2026-03-11,2026-03-04,Domestic,DVO,CRK,Boeing 737-800,Pilot C,220,1.47,1.63,19,11
2026-04-06,2026-03-30,Domestic,CRK,MNL,Airbus A321,Pilot H,63,2.87,2.63,-10,-13
2026-03-12,2026-03-10,Domestic,MNL,KLO,Boeing 737-800,Pilot H,104,1.38,1.59,16,17
2026-04-26,2026-04-24,Domestic,TAG,CEB,Embraer E190,Pilot K,108,2.82,3.49,7,39
2026-04-15,2026-04-09,Domestic,TAG,MNL,Airbus A321,Pilot B,45,0.99,0.71,-3,-13
2026-04-19,2026-04-12,Domestic,CRK,CEB,Airbus A320,Pilot I,96,1.18,1.03,2,-6
2026-03-27,2026-03-22,International,TAG,ILO,Airbus A320,Pilot C,134,8.71,8.68,9,-6
2026-03-29,2026-03-28,Domestic,PPS,DGT,Boeing 737-800,Pilot G,234,2.85,2.74,-5,-15
2026-04-08,2026-04-06,Domestic,TAG,DVO,Airbus A321,Pilot K,77,1.15,1.58,12,23
2026-04-17,2026-04-11,International,TAG,DVO,Embraer E190,Pilot A,229,9.68,10.15,6,15
2026-04-21,2026-04-15,Domestic,KLO,DVO,Boeing 737-800,Pilot B,220,1.35,1.72,-1,27
2026-03-02,2026-02-23,Domestic,CEB,CRK,Boeing 737-800,Pilot J,74,1.89,2.85,47,71
2026-04-10,2026-04-06,International,DGT,PPS,ATR 72-600,Pilot A,97,5.86,7.1,21,69
2026-03-07,2026-03-04,Domestic,BCD,CRK,Airbus A320,Pilot I,140,1.08,1.12,4,8
2026-03-18,2026-03-17,Domestic,DGT,BCD,ATR 72-600,Pilot G,247,3.07,3.29,15,15
2026-04-20,2026-04-14,Domestic,DGT,TAG,Airbus A320,Pilot E,212,1.85,1.39,-10,-15
2026-03-16,2026-03-09,Domestic,CEB,DGT,Boeing 737-800,Pilot K,253,2.46,2.69,2,20
2026-04-18,2026-04-17,Domestic,ILO,KLO,Embraer E190,Pilot K,108,2.18,2.2,5,12
2026-03-29,2026-03-25,Domestic,CEB,PPS,ATR 72-600,Pilot D,239,2.0,2.06,-10,7
2026-03-15,2026-03-12,Domestic,MNL,DGT,ATR 72-600,Pilot A,250,2.28,2.32,21,5
2026-03-21,2026-03-15,Domestic,DGT,PPS,Airbus A321,Pilot B,171,2.96,3.17,1,12
2026-04-02,2026-03-27,Domestic,DGT,DVO,ATR 72-600,Pilot B,73,2.48,2.85,4,13
2026-04-16,2026-04-14,Domestic,DGT,CEB,Boeing 737-800,Pilot L,98,2.08,2.28,-1,7
2026-04-06,2026-03-30,Domestic,TAG,CEB,Boeing 737-800,Pilot H,68,2.35,3.32,77,70
2026-04-26,2026-04-25,International,BCD,TAG,Airbus A320,Pilot I,217,7.59,8.05,-3,23
2026-04-22,2026-04-16,Domestic,KLO,ILO,Airbus A320,Pilot C,108,1.84,2.39,-10,32
2026-04-15,2026-04-09,Domestic,DGT,DVO,Boeing 737-800,Pilot K,194,2.3,2.04,-10,-15
2026-04-06,2026-04-04,Domestic,KLO,CRK,Airbus A320,Pilot I,98,1.86,2.64,29,47
2026-03-18,2026-03-13,Domestic,BCD,DVO,Boeing 737-800,Pilot J,254,2.62,2.54,41,-6
2026-03-26,2026-03-24,Domestic,DVO,TAG,ATR 72-600,Pilot F,210,3.13,3.28,-3,14
2026-03-08,2026-03-06,Domestic,PPS,BCD,Embraer E190,Pilot I,122,3.1,3.26,40,11
2026-03-23,2026-03-22,Domestic,TAG,BCD,Airbus A320,Pilot G,144,2.77,3.31,28,24
2026-04-26,2026-04-20,International,BCD,CRK,Embraer E190,Pilot E,52,8.92,8.65,8,-11
2026-03-26,2026-03-20,International,ILO,BCD,Airbus A320,Pilot H,70,4.62,4.61,6,7
2026-03-07,2026-03-03,Domestic,CEB,TAG,Airbus A321,Pilot D,259,1.23,1.82,16,36
2026-04-09,2026-04-03,Domestic,MNL,DGT,ATR 72-600,Pilot L,219,1.95,1.86,31,3
2026-04-28,2026-04-25,Domestic,BCD,KLO,Airbus A320,Pilot I,224,1.42,1.55,21,20
2026-04-22,2026-04-18,Domestic,BCD,KLO,Airbus A320,Pilot I,181,0.81,0.65,-3,-7
2026-03-17,2026-03-11,Domestic,PPS,ILO,Airbus A320,Pilot I,88,3.12,3.98,8,41
2026-03-28,2026-03-24,International,DGT,DVO,Boeing 737-800,Pilot F,63,7.7,8.85,56,69
2026-04-02,2026-03-28,Domestic,ILO,DGT,ATR 72-600,Pilot L,199,2.03,2.08,18,2
2026-03-16,2026-03-14,Domestic,TAG,ILO,Airbus A320,Pilot C,112,1.41,1.62,31,28
2026-03-17,2026-03-13,Domestic,PPS,BCD,Airbus A320,Pilot G,40,2.46,3.46,24,57
2026-03-15,2026-03-09,International,DVO,MNL,Boeing 737-800,Pilot A,44,6.12,6.73,18,36
2026-04-30,2026-04-24,Domestic,TAG,DVO,Airbus A320,Pilot D,162,2.73,2.68,14,2
2026-04-15,2026-04-12,Domestic,MNL,TAG,Boeing 737-800,Pilot G,224,3.2,3.75,32,32
2026-04-21,2026-04-17,Domestic,KLO,MNL,Embraer E190,Pilot F,119,1.64,2.14,28,29
2026-04-19,2026-04-14,International,DGT,CEB,ATR 72-600,Pilot L,259,4.62,4.71,18,13
2026-04-28,2026-04-21,Domestic,BCD,TAG,ATR 72-600,Pilot H,123,1.44,1.23,-3,-15
2026-03-07,2026-03-01,Domestic,DGT,CRK,Boeing 737-800,Pilot E,201,1.02,1.38,20,13
2026-04-23,2026-04-17,Domestic,MNL,DVO,ATR 72-600,Pilot F,93,1.75,2.41,11,41
2026-03-05,2026-02-27,International,KLO,ILO,Airbus A320,Pilot H,173,5.59,5.54,5,3
2026-03-30,2026-03-27,Domestic,PPS,CEB,Airbus A320,Pilot J,100,1.07,2.28,71,74
2026-04-06,2026-04-03,Domestic,BCD,MNL,Boeing 737-800,Pilot D,211,1.45,1.52,-10,-2
2026-03-22,2026-03-18,International,TAG,MNL,Airbus A320,Pilot H,140,9.81,10.96,33,78
2026-03-09,2026-03-06,Domestic,ILO,MNL,ATR 72-600,Pilot G,49,2.56,2.6,-7,-2
2026-03-12,2026-03-05,Domestic,BCD,CEB,Boeing 737-800,Pilot A,94,1.05,1.64,15,40
2026-04-20,2026-04-13,Domestic,ILO,BCD,Embraer E190,Pilot K,117,2.88,3.96,69,63
2026-03-20,2026-03-13,Domestic,TAG,DVO,Airbus A321,Pilot G,142,1.33,1.11,-9,-9
2026-03-19,2026-03-14,Domestic,CEB,MNL,Airbus A321,Pilot C,99,1.06,1.01,-4,1
2026-04-26,2026-04-24,Domestic,DVO,MNL,Boeing 737-800,Pilot H,167,0.82,1.05,12,3
2026-03-09,2026-03-07,Domestic,MNL,ILO,Airbus A320,Pilot I,251,2.52,2.25,-7,-6
2026-04-25,2026-04-23,International,PPS,TAG,Boeing 737-800,Pilot K,196,6.08,7.0,31,52
2026-04-26,2026-04-21,Domestic,DVO,CRK,Boeing 737-800,Pilot A,108,2.02,2.08,0,-9
2026-04-06,2026-04-03,Domestic,CRK,MNL,Embraer E190,Pilot E,188,1.07,1.67,26,31
2026-03-11,2026-03-06,Domestic,TAG,DVO,Boeing 737-800,Pilot C,252,3.16,3.13,-10,8
2026-03-10,2026-03-03,Domestic,CRK,ILO,Airbus A320,Pilot G,93,1.1,0.7,-10,-15
2026-03-18,2026-03-15,Domestic,CEB,PPS,Airbus A321,Pilot G,91,1.79,2.23,7,32
2026-04-05,2026-03-29,International,MNL,DGT,Boeing 737-800,Pilot F,48,6.67,6.62,-10,-4
2026-03-10,2026-03-06,International,DVO,PPS,Airbus A320,Pilot L,225,7.18,7.99,45,47
2026-03-28,2026-03-22,Domestic,DGT,CRK,Airbus A321,Pilot G,223,1.44,1.04,-10,-15
2026-03-08,2026-03-07,Domestic,KLO,DGT,Airbus A321,Pilot E,131,2.74,2.44,-10,-12
2026-04-02,2026-03-31,Domestic,DGT,CRK,Airbus A320,Pilot A,231,1.46,1.91,21,33
2026-03-02,2026-02-23,Domestic,DVO,CEB,Boeing 737-800,Pilot D,183,0.81,1.37,-1,35
2026-04-13,2026-04-06,Domestic,CRK,DGT,Airbus A320,Pilot K,255,1.83,2.15,-10,5
2026-03-04,2026-02-28,Domestic,CEB,DGT,Boeing 737-800,Pilot F,242,0.83,2.08,57,82
2026-03-12,2026-03-11,Domestic,CRK,ILO,Airbus A320,Pilot K,251,2.98,2.61,-10,-15
2026-03-11,2026-03-10,Domestic,KLO,ILO,Boeing 737-800,Pilot G,126,2.34,2.39,8,11
2026-04-20,2026-04-17,Domestic,TAG,CEB,Airbus A320,Pilot G,179,2.2,2.84,7,34
2026-03-04,2026-02-25,Domestic,CRK,BCD,ATR 72-600,Pilot F,76,1.28,1.56,28,17
2026-03-27,2026-03-24,Domestic,PPS,BCD,Airbus A320,Pilot G,236,2.48,3.11,22,44
2026-04-06,2026-03-30,Domestic,BCD,PPS,Boeing 737-800,Pilot A,109,2.43,2.59,-6,12
2026-04-01,2026-03-28,Domestic,DVO,KLO,Airbus A321,Pilot A,138,0.95,1.11,5,15
2026-04-11,2026-04-10,Domestic,DGT,PPS,Airbus A320,Pilot F,170,2.91,3.05,7,6
2026-04-18,2026-04-14,Domestic,ILO,KLO,Airbus A321,Pilot H,213,2.19,2.76,28,15
2026-03-25,2026-03-22,Domestic,CEB,TAG,ATR 72-600,Pilot G,200,2.7,3.22,-10,27
2026-04-20,2026-04-18,Domestic,DGT,CEB,ATR 72-600,Pilot F,250,1.43,2.62,56,72
2026-03-20,2026-03-15,Domestic,DGT,ILO,Airbus A321,Pilot D,196,1.09,1.11,-5,6
2026-04-30,2026-04-28,International,MNL,ILO,Airbus A320,Pilot I,215,4.35,4.36,12,10
2026-03-31,2026-03-24,International,DGT,KLO,Boeing 737-800,Pilot H,165,10.16,10.18,-10,-4
2026-04-14,2026-04-08,Domestic,DGT,CEB,Boeing 737-800,Pilot A,131,1.73,1.78,-10,-2
2026-04-23,2026-04-17,Domestic,TAG,CRK,Airbus A320,Pilot F,240,0.86,0.89,-7,5
2026-04-18,2026-04-17,Domestic,DVO,DGT,ATR 72-600,Pilot I,123,2.76,3.06,-9,9
2026-04-21,2026-04-14,International,BCD,CEB,Boeing 737-800,Pilot J,176,6.27,6.17,3,-6
2026-04-02,2026-03-29,Domestic,KLO,BCD,Boeing 737-800,Pilot D,104,1.61,1.45,-10,-15
2026-03-03,2026-02-25,International,BCD,ILO,Airbus A321,Pilot L,146,8.84,9.44,27,34
2026-03-31,2026-03-29,Domestic,BCD,ILO,Airbus A321,Pilot H,120,1.04,0.77,-5,-15
2026-03-12,2026-03-06,Domestic,BCD,MNL,Airbus A320,Pilot F,96,0.97,0.71,-8,-9
2026-04-24,2026-04-21,Domestic,KLO,MNL,ATR 72-600,Pilot H,220,0.86,0.83,3,-1
2026-03-15,2026-03-10,Domestic,BCD,DVO,Airbus A320,Pilot K,208,3.0,3.9,34,48
2026-03-14,2026-03-12,Domestic,KLO,CEB,ATR 72-600,Pilot C,194,1.55,2.46,17,58
2026-03-16,2026-03-09,Domestic,MNL,PPS,ATR 72-600,Pilot B,58,2.39,2.19,10,-15
2026-04-09,2026-04-04,Domestic,MNL,CEB,Boeing 737-800,Pilot F,94,3.17,3.64,-10,36
2026-04-04,2026-03-31,International,DGT,CEB,Airbus A320,Pilot B,87,8.59,8.53,-10,-9
2026-04-27,2026-04-23,Domestic,DGT,TAG,Airbus A320,Pilot K,196,2.06,2.11,-10,1
2026-03-26,2026-03-25,Domestic,KLO,BCD,Airbus A321,Pilot L,236,2.05,2.26,41,21
2026-03-18,2026-03-15,Domestic,CEB,MNL,Boeing 737-800,Pilot H,123,1.7,2.46,24,47
2026-03-04,2026-02-26,Domestic,PPS,BCD,ATR 72-600,Pilot L,112,2.24,2.34,-7,-1
2026-03-01,2026-02-23,Domestic,CEB,BCD,Airbus A321,Pilot A,162,3.1,3.02,0,4
2026-03-23,2026-03-16,International,CRK,ILO,ATR 72-600,Pilot H,257,5.93,5.55,-6,-15
2026-04-26,2026-04-25,Domestic,CRK,MNL,Airbus A320,Pilot F,121,1.82,1.79,-7,-1
2026-04-01,2026-03-30,Domestic,MNL,TAG,Airbus A321,Pilot D,101,1.6,2.56,22,42
2026-04-24,2026-04-18,Domestic,TAG,CEB,Airbus A320,Pilot D,154,2.92,2.96,6,7
2026-03-07,2026-03-04,Domestic,KLO,ILO,Boeing 737-800,Pilot G,241,1.13,2.59,58,84
2026-03-06,2026-03-04,Domestic,CRK,ILO,Airbus A320,Pilot H,200,2.84,3.95,40,65
2026-04-20,2026-04-18,Domestic,KLO,CRK,Airbus A320,Pilot B,154,1.41,1.91,41,34
2026-03-07,2026-02-28,Domestic,MNL,BCD,ATR 72-600,Pilot H,200,2.52,3.56,27,61
2026-03-04,2026-02-25,International,ILO,PPS,Boeing 737-800,Pilot L,43,9.51,9.61,3,9
2026-03-25,2026-03-24,International,KLO,PPS,Airbus A320,Pilot A,205,11.81,12.28,25,31
2026-04-26,2026-04-20,International,CRK,KLO,Airbus A320,Pilot K,61,5.62,5.6,4,11
2026-04-12,2026-04-08,Domestic,TAG,KLO,Boeing 737-800,Pilot H,126,2.83,3.73,48,54
2026-03-07,2026-03-01,Domestic,DVO,ILO,Airbus A321,Pilot E,116,1.68,1.54,21,-15
2026-04-21,2026-04-16,International,CEB,DVO,Airbus A320,Pilot I,191,9.52,9.86,18,20
2026-04-21,2026-04-16,Domestic,KLO,ILO,Boeing 737-800,Pilot H,92,2.02,2.07,15,-5
2026-04-18,2026-04-13,Domestic,TAG,MNL,Airbus A320,Pilot J,92,1.84,3.31,50,84
2026-04-25,2026-04-19,Domestic,CRK,DGT,Boeing 737-800,Pilot A,234,2.44,2.83,-10,24
2026-03-15,2026-03-09,Domestic,MNL,CRK,Airbus A321,Pilot A,145,1.13,2.25,52,72
2026-04-29,2026-04-25,Domestic,DGT,PPS,Airbus A320,Pilot H,203,1.85,1.94,8,9
2026-03-20,2026-03-19,International,ILO,DGT,Airbus A320,Pilot D,168,8.57,8.14,-10,-15
2026-04-18,2026-04-17,Domestic,CEB,ILO,Airbus A320,Pilot C,176,0.89,0.66,-5,-12
2026-04-05,2026-04-02,Domestic,BCD,TAG,Airbus A320,Pilot F,191,1.9,2.42,-10,30
2026-04-17,2026-04-13,Domestic,CRK,ILO,Airbus A321,Pilot I,186,2.39,2.91,26,19
2026-04-08,2026-04-01,Domestic,DGT,CEB,ATR 72-600,Pilot C,240,2.93,2.74,-10,-15
2026-04-09,2026-04-08,Domestic,DVO,MNL,ATR 72-600,Pilot L,212,2.23,2.79,16,40
2026-04-07,2026-03-31,Domestic,KLO,CEB,Airbus A321,Pilot F,107,2.78,3.76,37,69
2026-04-17,2026-04-16,International,KLO,DGT,Boeing 737-800,Pilot B,77,7.19,7.7,-3,32
2026-04-15,2026-04-11,Domestic,DVO,ILO,Boeing 737-800,Pilot A,225,1.65,2.25,6,30
2026-03-09,2026-03-06,Domestic,ILO,CRK,ATR 72-600,Pilot K,121,3.06,3.32,-10,17
2026-04-20,2026-04-16,International,CEB,ILO,Airbus A320,Pilot B,108,7.31,7.53,3,9
2026-04-02,2026-04-01,Domestic,BCD,DVO,Airbus A321,Pilot F,64,2.14,2.73,69,37
2026-03-20,2026-03-14,Domestic,PPS,TAG,Airbus A321,Pilot I,161,1.94,2.61,29,35
2026-04-01,2026-03-31,Domestic,DGT,TAG,Airbus A320,Pilot G,152,1.88,2.05,6,22
2026-04-28,2026-04-22,Domestic,CRK,MNL,Airbus A321,Pilot D,222,0.94,1.17,-1,2
2026-04-22,2026-04-18,Domestic,DVO,PPS,ATR 72-600,Pilot B,204,2.94,3.02,11,13
2026-04-20,2026-04-13,Domestic,KLO,CRK,ATR 72-600,Pilot I,199,2.76,2.91,15,3
2026-03-29,2026-03-22,Domestic,BCD,MNL,Airbus A320,Pilot F,158,1.9,1.7,3,-10
2026-04-17,2026-04-11,Domestic,DGT,PPS,Airbus A321,Pilot A,229,1.47,2.49,24,62
2026-03-24,2026-03-20,Domestic,MNL,CEB,Airbus A321,Pilot C,256,1.62,2.09,-9,30
2026-04-11,2026-04-08,Domestic,DVO,DGT,Airbus A321,Pilot G,219,1.1,1.06,-9,-4
2026-04-09,2026-04-04,Domestic,DVO,MNL,Boeing 737-800,Pilot C,116,2.53,3.08,20,30
2026-03-16,2026-03-11,Domestic,DVO,ILO,Airbus A320,Pilot E,100,2.14,2.02,-10,-15
2026-03-17,2026-03-11,Domestic,ILO,KLO,ATR 72-600,Pilot B,40,1.36,2.28,28,45
2026-03-04,2026-02-28,Domestic,TAG,CRK,Embraer E190,Pilot J,258,2.3,3.16,12,49
2026-03-09,2026-03-05,Domestic,MNL,BCD,Boeing 737-800,Pilot H,201,3.15,3.11,-10,-15
2026-03-27,2026-03-26,Domestic,TAG,CEB,Boeing 737-800,Pilot J,246,1.09,1.55,14,27
2026-03-30,2026-03-28,International,BCD,DGT,Boeing 737-800,Pilot A,213,6.4,6.61,-10,5
2026-03-11,2026-03-05,Domestic,BCD,TAG,Airbus A321,Pilot E,134,1.99,2.72,27,41
2026-03-26,2026-03-19,Domestic,BCD,DGT,Airbus A320,Pilot D,71,1.2,1.83,7,42
2026-04-06,2026-04-01,International,CEB,KLO,Boeing 737-800,Pilot H,50,6.68,8.29,53,95
2026-03-15,2026-03-12,Domestic,PPS,KLO,Airbus A320,Pilot J,214,2.25,2.93,36,37
2026-03-21,2026-03-20,Domestic,DVO,PPS,ATR 72-600,Pilot C,106,1.18,1.29,-10,7
2026-03-23,2026-03-22,International,KLO,BCD,Airbus A321,Pilot J,123,7.43,7.43,-10,-3
2026-03-31,2026-03-26,Domestic,BCD,ILO,Airbus A321,Pilot G,223,2.86,2.78,-5,-11
2026-03-23,2026-03-18,Domestic,BCD,DVO,Airbus A321,Pilot J,145,1.55,1.55,-10,0
2026-04-14,2026-04-12,Domestic,CRK,ILO,Embraer E190,Pilot A,249,2.31,3.11,52,69
2026-03-20,2026-03-18,Domestic,CRK,MNL,Airbus A320,Pilot L,160,2.3,2.85,12,21
2026-03-27,2026-03-26,Domestic,ILO,CEB,Airbus A320,Pilot F,222,2.81,3.14,33,22
2026-03-24,2026-03-19,International,MNL,PPS,Airbus A320,Pilot D,67,10.82,10.77,6,3
2026-03-12,2026-03-07,International,PPS,TAG,Boeing 737-800,Pilot C,127,8.59,8.54,8,5
2026-04-11,2026-04-08,Domestic,MNL,CEB,Embraer E190,Pilot L,80,2.3,2.28,11,1
2026-03-15,2026-03-09,Domestic,ILO,MNL,Airbus A320,Pilot K,52,1.88,2.6,36,47
2026-03-19,2026-03-13,Domestic,BCD,MNL,ATR 72-600,Pilot B,258,1.74,2.18,19,32
2026-04-18,2026-04-14,International,MNL,PPS,Airbus A320,Pilot F,153,10.27,10.4,-10,13
2026-04-27,2026-04-25,Domestic,DGT,CRK,Boeing 737-800,Pilot I,117,1.8,2.5,48,38
2026-04-10,2026-04-09,International,CRK,MNL,Airbus A320,Pilot H,122,11.37,11.63,6,1
2026-04-25,2026-04-19,International,MNL,ILO,Airbus A321,Pilot C,93,6.14,6.82,2,35
2026-04-22,2026-04-17,Domestic,BCD,DGT,Boeing 737-800,Pilot E,67,1.73,1.73,-10,-8
2026-03-30,2026-03-27,Domestic,KLO,ILO,Boeing 737-800,Pilot E,240,0.88,1.37,26,32
2026-04-16,2026-04-15,International,BCD,PPS,Airbus A320,Pilot D,63,5.3,5.58,14,16
2026-03-21,2026-03-15,Domestic,PPS,TAG,ATR 72-600,Pilot L,124,2.6,3.3,14,39
2026-03-29,2026-03-22,Domestic,ILO,CEB,Embraer E190,Pilot C,73,2.19,2.59,3,29
2026-04-02,2026-03-29,International,TAG,DVO,Airbus A321,Pilot I,244,5.85,6.2,-1,24
2026-04-28,2026-04-26,Domestic,CRK,KLO,Boeing 737-800,Pilot K,85,2.1,2.35,4,9
2026-04-21,2026-04-16,Domestic,KLO,BCD,ATR 72-600,Pilot J,126,2.85,3.16,22,11
2026-03-30,2026-03-23,Domestic,CEB,DVO,Airbus A320,Pilot J,205,2.71,3.82,26,66
2026-04-09,2026-04-04,Domestic,BCD,TAG,ATR 72-600,Pilot B,165,1.04,1.35,7,27
2026-03-13,2026-03-12,International,DVO,DGT,Airbus A321,Pilot B,123,4.88,5.34,33,30
2026-04-19,2026-04-17,Domestic,BCD,ILO,ATR 72-600,Pilot J,164,0.84,1.35,10,41
2026-04-03,2026-04-02,Domestic,TAG,MNL,Airbus A320,Pilot I,136,2.23,2.17,1,-4
2026-04-02,2026-03-30,Domestic,TAG,DGT,Airbus A321,Pilot I,103,2.7,3.5,16,46
2026-04-16,2026-04-12,International,DGT,TAG,Boeing 737-800,Pilot F,171,6.98,7.31,-10,22
2026-04-08,2026-04-04,Domestic,CEB,KLO,Boeing 737-800,Pilot G,120,2.24,2.35,17,5
2026-03-05,2026-02-27,International,CEB,KLO,ATR 72-600,Pilot A,251,11.66,11.79,-10,5
2026-03-18,2026-03-17,Domestic,DGT,DVO,Embraer E190,Pilot D,141,0.95,1.13,-10,9
2026-03-11,2026-03-04,International,CRK,MNL,Airbus A320,Pilot G,206,6.92,7.48,-10,42
2026-04-14,2026-04-12,International,MNL,DGT,Airbus A320,Pilot B,91,11.55,11.52,8,0
2026-03-03,2026-02-27,International,DVO,ILO,Airbus A321,Pilot B,182,5.34,6.69,47,78
2026-03-13,2026-03-11,International,TAG,DVO,Airbus A321,Pilot A,163,5.24,5.66,9,14
2026-04-06,2026-04-03,Domestic,CRK,BCD,Airbus A321,Pilot C,203,2.06,2.18,26,9
2026-04-12,2026-04-06,Domestic,MNL,ILO,ATR 72-600,Pilot L,141,1.89,3.07,64,67
2026-03-31,2026-03-30,Domestic,PPS,MNL,ATR 72-600,Pilot I,198,2.46,3.0,21,26
2026-04-22,2026-04-18,Domestic,CEB,DVO,Airbus A320,Pilot L,52,0.84,0.57,-5,-15
2026-04-26,2026-04-21,International,CRK,ILO,Airbus A321,Pilot D,191,5.11,5.4,-2,9
2026-03-09,2026-03-05,International,MNL,CRK,Boeing 737-800,Pilot H,205,9.84,10.55,12,34
2026-04-28,2026-04-25,Domestic,BCD,CEB,Airbus A321,Pilot K,149,2.98,3.26,-2,7
2026-04-07,2026-04-04,Domestic,ILO,CRK,Airbus A320,Pilot E,47,1.85,1.82,0,-5
2026-04-08,2026-04-01,Domestic,TAG,CRK,Airbus A321,Pilot H,164,1.0,1.88,34,36
2026-03-06,2026-03-04,Domestic,CRK,KLO,Airbus A321,Pilot I,211,2.72,3.31,35,40
2026-04-07,2026-04-03,Domestic,DVO,KLO,Airbus A320,Pilot J,141,2.92,3.16,-10,-1
2026-04-14,2026-04-11,Domestic,CEB,TAG,ATR 72-600,Pilot L,60,1.79,2.2,-6,19
2026-04-05,2026-03-30,Domestic,DVO,TAG,Airbus A321,Pilot H,126,1.38,1.74,2,12
2026-03-06,2026-02-28,Domestic,ILO,DVO,Boeing 737-800,Pilot G,258,0.91,0.95,25,5
2026-04-01,2026-03-26,Domestic,MNL,DGT,Boeing 737-800,Pilot K,99,2.22,2.85,37,32
2026-04-27,2026-04-26,Domestic,ILO,KLO,ATR 72-600,Pilot I,156,2.98,4.47,71,79
2026-04-14,2026-04-13,International,TAG,CEB,Airbus A320,Pilot E,118,11.52,11.84,2,27
2026-03-09,2026-03-06,Domestic,PPS,CRK,Airbus A320,Pilot H,196,1.56,2.06,3,31
2026-04-28,2026-04-24,Domestic,BCD,PPS,Airbus A321,Pilot G,134,2.34,3.12,25,62
2026-04-28,2026-04-27,Domestic,TAG,DVO,Airbus A321,Pilot C,124,2.8,2.85,-3,4
2026-03-11,2026-03-04,Domestic,PPS,CRK,Airbus A321,Pilot G,167,1.94,2.31,9,28
2026-04-18,2026-04-11,International,BCD,CEB,ATR 72-600,Pilot H,165,9.85,9.57,3,-15
2026-03-25,2026-03-22,Domestic,TAG,CEB,Airbus A320,Pilot K,149,1.74,2.14,-10,3
2026-04-06,2026-03-31,Domestic,CEB,CRK,Airbus A320,Pilot G,96,1.64,1.86,15,1
2026-03-28,2026-03-24,International,TAG,BCD,Airbus A321,Pilot B,63,5.26,5.29,8,12
2026-04-17,2026-04-12,International,DVO,KLO,ATR 72-600,Pilot L,191,11.8,13.5,40,100
2026-04-30,2026-04-23,Domestic,PPS,ILO,ATR 72-600,Pilot G,114,3.15,3.61,12,22
2026-04-18,2026-04-17,Domestic,DGT,BCD,Boeing 737-800,Pilot D,174,2.04,1.75,-10,-15
2026-04-26,2026-04-24,Domestic,ILO,TAG,Boeing 737-800,Pilot J,122,1.72,2.04,6,18
2026-04-27,2026-04-24,Domestic,MNL,PPS,Boeing 737-800,Pilot E,227,1.75,1.55,-10,-14
2026-03-06,2026-02-27,Domestic,CRK,CEB,Boeing 737-800,Pilot E,195,2.12,1.71,-10,-15
2026-03-16,2026-03-11,Domestic,ILO,KLO,Airbus A320,Pilot K,128,1.65,2.68,26,69
2026-04-14,2026-04-11,International,DGT,TAG,Boeing 737-800,Pilot K,113,6.57,7.11,7,31
2026-04-05,2026-04-04,Domestic,DGT,PPS,ATR 72-600,Pilot G,204,1.71,2.44,32,43
2026-03-04,2026-02-27,Domestic,KLO,CRK,Airbus A321,Pilot E,41,1.72,1.43,-10,-12
2026-03-06,2026-03-04,Domestic,DGT,CRK,Boeing 737-800,Pilot K,52,2.28,2.28,7,6
2026-04-01,2026-03-29,Domestic,ILO,TAG,Airbus A321,Pilot C,58,0.95,1.52,2,35
2026-04-07,2026-03-31,Domestic,ILO,MNL,Boeing 737-800,Pilot I,116,2.37,3.21,33,44
2026-03-11,2026-03-07,International,TAG,KLO,Airbus A320,Pilot H,149,5.34,5.08,27,-15
2026-03-11,2026-03-10,International,BCD,CEB,Boeing 737-800,Pilot K,104,7.21,8.65,26,75
2026-03-08,2026-03-07,Domestic,KLO,TAG,ATR 72-600,Pilot F,81,2.53,3.35,46,54
2026-04-04,2026-04-01,Domestic,ILO,MNL,Airbus A320,Pilot J,108,2.62,2.89,4,15
2026-03-01,2026-02-28,Domestic,PPS,MNL,Airbus A321,Pilot A,148,2.83,3.89,41,66
2026-04-04,2026-03-31,Domestic,PPS,CRK,Airbus A320,Pilot J,105,1.7,1.82,-10,3
2026-03-30,2026-03-27,International,ILO,DVO,Airbus A320,Pilot A,166,11.59,11.63,-10,8
2026-03-29,2026-03-22,Domestic,MNL,ILO,Embraer E190,Pilot H,124,2.51,3.17,29,26
2026-04-11,2026-04-08,Domestic,CEB,DVO,Airbus A321,Pilot C,245,2.2,1.75,-10,-15
2026-04-01,2026-03-30,Domestic,CEB,CRK,Airbus A321,Pilot L,258,2.32,3.11,25,35
2026-04-14,2026-04-09,Domestic,ILO,KLO,Airbus A320,Pilot J,184,2.13,2.89,14,45
2026-04-16,2026-04-11,Domestic,BCD,KLO,Embraer E190,Pilot B,162,2.65,3.2,36,29
2026-04-26,2026-04-25,Domestic,TAG,DGT,Airbus A320,Pilot K,46,1.26,1.47,11,3
2026-04-18,2026-04-17,Domestic,DVO,ILO,Boeing 737-800,Pilot D,176,2.13,2.9,13,40
2026-04-01,2026-03-30,Domestic,PPS,KLO,Airbus A321,Pilot G,123,1.18,1.43,23,20
2026-03-31,2026-03-25,Domestic,BCD,KLO,Airbus A320,Pilot B,103,1.78,1.77,-3,-5
2026-03-15,2026-03-13,Domestic,MNL,CEB,Boeing 737-800,Pilot B,214,2.39,2.51,-4,-6
2026-04-06,2026-03-30,Domestic,CRK,BCD,Airbus A320,Pilot C,49,1.98,2.31,22,26
2026-03-09,2026-03-05,International,CRK,TAG,Boeing 737-800,Pilot G,97,7.71,7.76,11,-12
2026-04-26,2026-04-19,Domestic,TAG,CRK,Airbus A320,Pilot G,210,2.92,2.93,3,-2
2026-04-21,2026-04-19,Domestic,DGT,CEB,Boeing 737-800,Pilot K,243,2.65,2.91,10,19
2026-03-08,2026-03-05,Domestic,TAG,CRK,ATR 72-600,Pilot B,153,2.06,2.89,47,56
2026-04-17,2026-04-16,Domestic,KLO,DVO,Boeing 737-800,Pilot I,156,3.08,3.52,2,28
2026-03-08,2026-03-02,Domestic,ILO,KLO,Airbus A320,Pilot A,252,1.82,2.25,2,40
2026-04-13,2026-04-08,Domestic,CRK,TAG,Boeing 737-800,Pilot D,60,2.69,3.01,-10,22
2026-03-06,2026-03-05,International,PPS,KLO,Embraer E190,Pilot C,145,11.16,11.66,11,32
2026-03-30,2026-03-24,Domestic,MNL,CEB,Airbus A320,Pilot B,93,1.49,1.83,26,28
2026-04-10,2026-04-03,Domestic,DVO,CRK,Airbus A320,Pilot H,144,1.61,2.1,30,24
2026-04-14,2026-04-09,Domestic,CEB,BCD,ATR 72-600,Pilot K,239,1.05,1.34,14,19
2026-03-26,2026-03-20,Domestic,ILO,CRK,Airbus A320,Pilot I,171,2.0,2.74,33,49
2026-04-26,2026-04-24,Domestic,DVO,KLO,Boeing 737-800,Pilot K,258,1.26,2.02,28,48
2026-04-17,2026-04-13,Domestic,CEB,BCD,ATR 72-600,Pilot H,151,2.32,3.23,36,52
2026-03-13,2026-03-07,Domestic,CRK,BCD,Airbus A320,Pilot A,229,1.26,1.89,34,37
2026-04-10,2026-04-05,Domestic,TAG,BCD,Boeing 737-800,Pilot E,77,1.1,2.12,47,66
2026-04-14,2026-04-09,International,KLO,CRK,Boeing 737-800,Pilot J,110,7.43,8.05,8,36
2026-03-21,2026-03-15,Domestic,TAG,CEB,Airbus A321,Pilot A,100,2.38,2.56,-10,11
2026-04-15,2026-04-10,International,DGT,CRK,ATR 72-600,Pilot B,209,8.35,8.73,27,31
2026-04-24,2026-04-23,Domestic,DGT,ILO,Airbus A320,Pilot K,152,1.98,2.26,29,19
2026-04-19,2026-04-17,Domestic,CRK,MNL,Airbus A321,Pilot A,88,0.88,1.57,47,37
2026-04-16,2026-04-10,International,TAG,DGT,ATR 72-600,Pilot L,78,10.94,11.56,40,33
2026-04-08,2026-04-06,Domestic,DGT,KLO,Airbus A320,Pilot J,124,2.14,3.2,55,65
2026-03-17,2026-03-12,Domestic,DGT,MNL,ATR 72-600,Pilot H,73,0.84,1.59,26,40
2026-04-18,2026-04-14,Domestic,CRK,TAG,Airbus A320,Pilot G,193,2.87,2.7,17,-3
2026-03-23,2026-03-18,Domestic,DVO,TAG,Airbus A321,Pilot B,226,2.29,1.94,-10,-14
2026-04-02,2026-03-31,International,KLO,MNL,Airbus A320,Pilot E,253,7.81,8.25,19,28
2026-03-20,2026-03-17,Domestic,DGT,CEB,Boeing 737-800,Pilot J,91,1.99,1.99,0,-11
2026-03-20,2026-03-15,Domestic,DGT,CRK,ATR 72-600,Pilot K,136,2.28,2.8,17,30
2026-03-10,2026-03-08,Domestic,KLO,CEB,ATR 72-600,Pilot F,150,1.42,1.59,13,12
2026-04-28,2026-04-25,Domestic,CEB,PPS,Embraer E190,Pilot K,149,3.14,3.56,22,14
2026-03-10,2026-03-03,International,ILO,DGT,Boeing 737-800,Pilot J,139,5.7,5.93,10,16
2026-03-06,2026-03-04,Domestic,PPS,BCD,ATR 72-600,Pilot A,88,1.19,2.21,33,45
2026-04-27,2026-04-22,Domestic,KLO,MNL,Boeing 737-800,Pilot H,64,0.93,0.62,-10,-15
2026-04-03,2026-04-01,Domestic,CRK,BCD,ATR 72-600,Pilot H,128,2.33,2.49,16,17
2026-03-27,2026-03-22,Domestic,CRK,DGT,Boeing 737-800,Pilot G,60,3.16,3.99,38,51
2026-04-14,2026-04-13,Domestic,MNL,KLO,ATR 72-600,Pilot J,53,2.95,3.65,53,44
2026-03-24,2026-03-19,Domestic,DVO,ILO,Airbus A320,Pilot K,155,2.49,2.44,28,3
2026-03-08,2026-03-04,Domestic,BCD,DVO,Airbus A321,Pilot G,228,3.18,3.93,49,26
2026-04-14,2026-04-09,Domestic,DVO,DGT,Boeing 737-800,Pilot D,158,2.53,2.78,16,13
2026-03-11,2026-03-10,Domestic,DGT,MNL,Airbus A320,Pilot L,45,1.61,1.55,12,-7
2026-04-03,2026-03-30,Domestic,MNL,DVO,Airbus A320,Pilot L,224,2.24,2.57,24,23
2026-04-27,2026-04-23,Domestic,KLO,CEB,Embraer E190,Pilot I,190,0.99,1.7,12,47
2026-04-27,2026-04-25,Domestic,ILO,TAG,Airbus A321,Pilot H,106,1.33,1.2,-5,-15
2026-03-23,2026-03-20,International,TAG,ILO,Airbus A320,Pilot B,100,5.13,4.95,1,1
2026-04-17,2026-04-12,Domestic,TAG,DGT,Airbus A321,Pilot E,237,1.28,1.69,-10,33
2026-04-07,2026-04-03,Domestic,KLO,BCD,Airbus A321,Pilot C,144,3.09,3.66,24,36
2026-03-30,2026-03-25,International,BCD,KLO,Boeing 737-800,Pilot G,71,11.23,11.56,12,10
2026-03-09,2026-03-02,Domestic,BCD,KLO,Embraer E190,Pilot J,101,1.69,1.75,4,6
2026-03-23,2026-03-20,Domestic,KLO,DVO,Embraer E190,Pilot C,98,2.5,2.77,0,13
2026-04-09,2026-04-02,Domestic,CEB,KLO,Boeing 737-800,Pilot L,128,1.78,2.77,23,59
2026-04-30,2026-04-23,Domestic,ILO,BCD,Boeing 737-800,Pilot B,116,1.13,1.69,29,24
2026-03-01,2026-02-24,International,DVO,DGT,Airbus A321,Pilot B,160,10.37,9.93,-10,-15
2026-04-13,2026-04-11,Domestic,ILO,KLO,ATR 72-600,Pilot L,111,1.36,1.2,-10,-15
2026-04-21,2026-04-18,Domestic,BCD,DGT,Airbus A320,Pilot B,180,1.59,2.23,33,40
2026-04-28,2026-04-27,Domestic,DVO,DGT,Airbus A320,Pilot I,148,1.32,1.18,-10,-15
2026-03-26,2026-03-21,Domestic,DVO,KLO,Embraer E190,Pilot J,246,1.07,1.32,24,21
2026-03-08,2026-03-06,Domestic,TAG,ILO,ATR 72-600,Pilot D,222,1.32,1.94,48,37
2026-03-17,2026-03-10,Domestic,CRK,CEB,Airbus A321,Pilot A,113,2.97,4.16,48,72
2026-04-21,2026-04-16,Domestic,CEB,DVO,Boeing 737-800,Pilot D,49,1.0,1.28,28,24
2026-04-23,2026-04-19,Domestic,PPS,TAG,Airbus A321,Pilot A,168,1.58,2.09,28,40
2026-04-08,2026-04-06,Domestic,PPS,CEB,Airbus A321,Pilot I,114,2.07,2.63,62,38
2026-03-08,2026-03-07,Domestic,TAG,CRK,Airbus A321,Pilot K,238,1.65,1.62,-10,-3
2026-03-08,2026-03-03,Domestic,PPS,BCD,Airbus A320,Pilot L,129,2.04,1.7,2,-15
2026-03-30,2026-03-24,Domestic,DGT,DVO,Boeing 737-800,Pilot J,103,0.9,1.33,31,28
2026-04-05,2026-04-03,Domestic,KLO,DGT,Airbus A321,Pilot J,114,2.36,2.97,5,50
2026-03-02,2026-03-01,Domestic,DVO,BCD,Boeing 737-800,Pilot K,230,2.15,3.12,39,61
2026-04-11,2026-04-08,Domestic,TAG,MNL,Airbus A320,Pilot J,64,2.43,2.79,11,14
2026-04-03,2026-03-28,Domestic,DVO,KLO,Embraer E190,Pilot H,250,2.16,3.54,15,78
2026-03-01,2026-02-24,Domestic,DVO,PPS,Boeing 737-800,Pilot L,91,1.85,1.76,6,-5
2026-03-06,2026-03-05,International,TAG,CEB,ATR 72-600,Pilot D,226,7.24,7.72,1,27
2026-03-28,2026-03-27,Domestic,TAG,DGT,Airbus A320,Pilot E,159,1.34,0.99,0,-15
2026-04-14,2026-04-13,Domestic,CRK,TAG,Boeing 737-800,Pilot K,165,2.0,2.51,18,19
2026-04-20,2026-04-14,Domestic,PPS,MNL,ATR 72-600,Pilot D,85,0.86,0.86,-5,-15
2026-03-27,2026-03-21,Domestic,DGT,PPS,Airbus A321,Pilot D,198,1.59,2.33,33,43
2026-03-19,2026-03-16,Domestic,PPS,CEB,Airbus A320,Pilot B,182,2.43,3.27,26,32
2026-04-29,2026-04-24,Domestic,MNL,DGT,Airbus A320,Pilot D,145,1.06,1.56,36,35
2026-03-28,2026-03-27,Domestic,BCD,CRK,Airbus A320,Pilot H,140,0.95,1.05,-10,15
2026-03-20,2026-03-16,Domestic,CEB,ILO,Airbus A321,Pilot K,171,2.37,2.03,-10,-15
2026-03-27,2026-03-25,Domestic,TAG,BCD,Airbus A321,Pilot B,143,1.75,2.11,12,23
2026-03-01,2026-02-23,Domestic,MNL,TAG,Airbus A320,Pilot I,254,2.72,4.6,76,96
2026-03-19,2026-03-15,Domestic,DGT,MNL,Boeing 737-800,Pilot J,49,3.05,3.32,40,18
2026-04-01,2026-03-26,Domestic,CEB,KLO,Airbus A320,Pilot K,95,3.1,2.86,0,-8
2026-04-26,2026-04-22,Domestic,ILO,TAG,Airbus A321,Pilot J,227,1.82,2.16,21,27
2026-04-15,2026-04-11,Domestic,DVO,ILO,Boeing 737-800,Pilot B,214,1.43,2.3,28,44
2026-04-17,2026-04-10,Domestic,TAG,KLO,Airbus A320,Pilot F,116,2.26,2.73,-10,21
2026-04-03,2026-03-27,International,CRK,ILO,Airbus A320,Pilot L,151,8.53,9.19,42,43
2026-03-07,2026-03-03,Domestic,PPS,DGT,Airbus A320,Pilot K,45,2.29,2.18,8,7
2026-03-24,2026-03-21,Domestic,MNL,BCD,Airbus A320,Pilot H,78,1.57,1.42,10,-1
2026-04-30,2026-04-25,International,ILO,TAG,Airbus A321,Pilot L,247,7.58,8.19,13,24
2026-03-03,2026-03-01,International,DGT,TAG,Airbus A320,Pilot I,181,9.61,10.31,37,37
2026-04-23,2026-04-20,Domestic,DGT,TAG,Airbus A320,Pilot A,48,1.17,1.09,-5,-5
2026-04-11,2026-04-05,International,DVO,ILO,Embraer E190,Pilot K,214,8.32,8.43,-10,-7
2026-03-18,2026-03-11,International,CRK,KLO,ATR 72-600,Pilot C,128,8.38,9.18,19,34
2026-04-17,2026-04-14,Domestic,ILO,CRK,Airbus A320,Pilot E,165,0.83,0.58,-10,-15
2026-04-21,2026-04-18,Domestic,KLO,DVO,Airbus A321,Pilot C,228,2.24,2.17,5,-4
2026-03-03,2026-02-24,Domestic,KLO,TAG,Airbus A321,Pilot I,224,3.07,3.85,38,51
2026-03-07,2026-03-05,Domestic,CEB,KLO,ATR 72-600,Pilot A,70,1.66,1.38,25,-15
2026-04-10,2026-04-09,Domestic,PPS,BCD,ATR 72-600,Pilot H,120,2.07,2.37,35,29
2026-04-30,2026-04-29,Domestic,DVO,CEB,Airbus A320,Pilot K,99,2.47,2.46,26,10
2026-03-02,2026-03-01,Domestic,CRK,PPS,Airbus A320,Pilot J,241,1.56,2.89,65,92
2026-04-10,2026-04-03,Domestic,TAG,BCD,Airbus A321,Pilot D,211,1.95,2.01,-1,-4
2026-03-09,2026-03-08,Domestic,BCD,DGT,ATR 72-600,Pilot K,182,2.76,2.84,21,16
2026-04-09,2026-04-06,International,CRK,CEB,ATR 72-600,Pilot E,52,5.51,5.84,2,6
2026-04-08,2026-04-03,Domestic,DGT,KLO,Airbus A320,Pilot I,216,2.74,3.1,33,27
2026-03-06,2026-03-01,Domestic,CRK,KLO,Boeing 737-800,Pilot G,163,3.17,3.53,11,9
2026-04-11,2026-04-05,Domestic,KLO,MNL,Airbus A320,Pilot A,100,1.69,2.6,50,57
2026-04-24,2026-04-17,International,DVO,MNL,Boeing 737-800,Pilot A,137,9.49,9.25,0,-3
2026-04-22,2026-04-19,International,CEB,ILO,ATR 72-600,Pilot C,138,8.0,8.82,43,40
2026-03-02,2026-02-28,International,ILO,DVO,Airbus A321,Pilot L,105,9.1,9.47,25,12
2026-03-16,2026-03-15,International,KLO,BCD,Airbus A320,Pilot L,240,6.36,6.17,11,-5
2026-03-15,2026-03-08,Domestic,TAG,DVO,Boeing 737-800,Pilot E,241,2.6,3.06,24,30
2026-03-28,2026-03-25,Domestic,CRK,ILO,Airbus A321,Pilot L,51,2.93,3.3,18,29
2026-03-09,2026-03-02,Domestic,TAG,BCD,ATR 72-600,Pilot A,245,1.64,1.61,20,-1
2026-04-22,2026-04-19,Domestic,BCD,MNL,Airbus A321,Pilot L,128,2.37,2.82,7,26
2026-04-17,2026-04-11,International,MNL,PPS,ATR 72-600,Pilot C,215,6.67,6.89,-3,16
2026-04-19,2026-04-14,Domestic,PPS,DVO,Airbus A320,Pilot A,211,2.23,2.48,5,28
2026-03-13,2026-03-08,Domestic,KLO,MNL,Airbus A320,Pilot J,171,2.6,2.53,-10,0
2026-03-01,2026-02-24,Domestic,CRK,MNL,Airbus A321,Pilot E,203,2.7,3.57,31,47
2026-04-25,2026-04-22,Domestic,ILO,TAG,Airbus A320,Pilot D,189,1.81,2.35,-10,34
2026-03-18,2026-03-17,Domestic,CRK,DVO,Airbus A321,Pilot J,227,2.02,2.1,7,7
2026-04-10,2026-04-09,Domestic,BCD,TAG,Boeing 737-800,Pilot D,133,1.6,1.69,26,12
2026-04-25,2026-04-22,International,KLO,ILO,Airbus A320,Pilot J,202,8.41,8.45,30,7
2026-03-03,2026-02-24,Domestic,ILO,CRK,Airbus A320,Pilot C,255,1.43,2.05,-10,27
2026-03-01,2026-02-24,International,DVO,BCD,Airbus A320,Pilot B,248,5.87,6.52,10,47
2026-03-01,2026-02-24,Domestic,CRK,BCD,Airbus A320,Pilot D,72,1.54,1.79,22,10
2026-03-10,2026-03-08,Domestic,ILO,CEB,ATR 72-600,Pilot H,149,3.14,3.23,13,5
2026-03-04,2026-02-28,Domestic,ILO,CRK,Embraer E190,Pilot C,152,1.38,2.09,42,41
2026-04-20,2026-04-17,Domestic,CRK,MNL,Airbus A320,Pilot B,177,2.54,2.8,-6,21
2026-04-06,2026-04-05,Domestic,KLO,CEB,ATR 72-600,Pilot I,182,2.18,1.89,-10,-15
2026-04-29,2026-04-24,International,DVO,CRK,Boeing 737-800,Pilot F,226,9.16,9.16,30,0
2026-04-18,2026-04-15,Domestic,KLO,MNL,Embraer E190,Pilot F,157,2.35,3.02,0,44
2026-04-28,2026-04-25,Domestic,CEB,BCD,Airbus A321,Pilot C,194,2.5,2.56,-10,1
2026-03-15,2026-03-10,Domestic,ILO,MNL,Airbus A321,Pilot A,237,2.97,3.39,9,22
2026-03-18,2026-03-17,Domestic,PPS,TAG,Airbus A321,Pilot A,62,2.15,3.08,39,40
2026-04-21,2026-04-14,Domestic,TAG,DGT,ATR 72-600,Pilot I,181,0.96,1.04,-10,3
2026-03-15,2026-03-13,International,BCD,CEB,Boeing 737-800,Pilot A,120,5.38,5.83,63,41
2026-03-04,2026-02-27,Domestic,PPS,DGT,Airbus A321,Pilot C,239,2.5,2.39,-6,-15
2026-04-10,2026-04-04,Domestic,MNL,ILO,Airbus A320,Pilot K,161,1.99,2.32,14,21
2026-04-18,2026-04-16,Domestic,CRK,TAG,Boeing 737-800,Pilot E,172,2.12,2.11,-10,-15
2026-04-29,2026-04-27,Domestic,BCD,PPS,ATR 72-600,Pilot I,206,2.23,2.62,13,13
2026-04-26,2026-04-23,Domestic,TAG,KLO,Airbus A321,Pilot E,93,1.72,1.78,9,7
2026-03-08,2026-03-02,Domestic,KLO,CEB,Boeing 737-800,Pilot L,159,2.66,2.58,-10,-10
2026-04-17,2026-04-12,Domestic,TAG,KLO,Airbus A321,Pilot J,210,2.54,3.62,74,69
2026-04-21,2026-04-17,International,DVO,DGT,Airbus A321,Pilot F,211,9.44,9.24,1,-12
2026-04-12,2026-04-06,Domestic,CEB,DGT,Boeing 737-800,Pilot I,90,2.52,2.35,1,-15
2026-04-20,2026-04-16,Domestic,MNL,ILO,ATR 72-600,Pilot E,224,2.94,3.76,33,41
2026-04-21,2026-04-14,Domestic,KLO,DVO,Embraer E190,Pilot L,75,2.23,3.2,52,52
2026-03-28,2026-03-22,International,BCD,PPS,Airbus A321,Pilot E,98,4.73,5.02,37,17
2026-03-03,2026-03-01,Domestic,DVO,MNL,Airbus A321,Pilot K,228,1.09,1.32,-10,-4
2026-03-28,2026-03-25,Domestic,PPS,CEB,Airbus A321,Pilot H,175,2.32,2.56,17,17
2026-03-13,2026-03-12,Domestic,PPS,KLO,Airbus A320,Pilot H,159,2.52,2.11,-10,-13
2026-03-07,2026-03-05,Domestic,CRK,DGT,Airbus A321,Pilot E,162,1.95,1.75,32,-2
2026-03-08,2026-03-07,Domestic,DVO,CRK,Airbus A320,Pilot J,253,1.49,1.78,-10,7
2026-04-12,2026-04-11,Domestic,PPS,ILO,Airbus A321,Pilot I,90,2.12,1.86,-6,-15
2026-03-31,2026-03-30,Domestic,BCD,CRK,Airbus A320,Pilot J,105,1.68,2.0,12,18
2026-04-02,2026-03-28,Domestic,CEB,ILO,Airbus A321,Pilot J,147,2.98,3.11,22,12
2026-04-15,2026-04-12,Domestic,DVO,MNL,ATR 72-600,Pilot B,226,1.66,1.67,6,4
2026-04-03,2026-03-30,Domestic,ILO,KLO,Airbus A320,Pilot K,160,1.22,2.31,45,71
2026-04-08,2026-04-02,Domestic,KLO,CEB,Boeing 737-800,Pilot K,199,2.18,2.95,28,43
2026-03-06,2026-02-28,Domestic,CEB,CRK,ATR 72-600,Pilot C,219,1.75,2.59,26,51
2026-04-21,2026-04-17,International,DGT,DVO,Boeing 737-800,Pilot L,236,9.23,9.3,-10,1
2026-03-28,2026-03-24,Domestic,CRK,PPS,Airbus A320,Pilot G,141,2.16,3.22,49,61
2026-03-10,2026-03-05,Domestic,CRK,CEB,Airbus A321,Pilot D,140,2.09,1.79,-6,-15
2026-04-19,2026-04-16,International,MNL,KLO,Boeing 737-800,Pilot C,57,8.03,8.67,50,49
2026-04-14,2026-04-10,Domestic,TAG,MNL,Boeing 737-800,Pilot E,57,2.23,2.99,56,57
2026-03-04,2026-03-01,Domestic,DVO,TAG,Airbus A320,Pilot A,147,2.16,3.36,23,50
2026-03-12,2026-03-10,International,DGT,CRK,Airbus A321,Pilot I,204,7.58,8.27,35,31
2026-03-01,2026-02-27,Domestic,ILO,CEB,Boeing 737-800,Pilot I,224,1.67,1.83,-10,0
2026-03-17,2026-03-12,Domestic,TAG,CEB,Airbus A320,Pilot I,129,1.4,1.6,8,17
2026-03-07,2026-03-01,Domestic,CEB,BCD,Boeing 737-800,Pilot G,165,3.08,4.11,36,62
2026-04-13,2026-04-10,Domestic,CEB,CRK,Airbus A320,Pilot E,218,2.15,2.64,32,35
2026-04-01,2026-03-31,Domestic,TAG,MNL,Airbus A321,Pilot I,110,0.87,0.88,-10,10
2026-04-29,2026-04-24,Domestic,TAG,BCD,ATR 72-600,Pilot K,74,2.77,2.45,6,-15
2026-04-15,2026-04-08,Domestic,KLO,BCD,Airbus A320,Pilot B,242,1.27,1.18,-10,-15
2026-04-07,2026-04-03,Domestic,MNL,PPS,Boeing 737-800,Pilot E,160,2.69,2.54,21,-15
2026-04-01,2026-03-31,Domestic,DGT,DVO,Airbus A321,Pilot L,74,2.49,2.52,-10,9
2026-03-04,2026-03-03,Domestic,CRK,KLO,Airbus A321,Pilot K,95,3.13,3.99,37,54
2026-03-05,2026-03-01,International,DGT,BCD,ATR 72-600,Pilot L,111,5.39,6.46,38,59
2026-04-07,2026-03-31,Domestic,TAG,ILO,Airbus A321,Pilot C,84,1.46,1.31,2,-5
2026-03-01,2026-02-28,Domestic,TAG,MNL,Airbus A320,Pilot F,136,2.64,2.95,23,18
2026-03-03,2026-02-25,Domestic,BCD,PPS,ATR 72-600,Pilot B,218,1.56,1.77,7,10
2026-03-14,2026-03-08,Domestic,BCD,TAG,Boeing 737-800,Pilot K,202,2.31,3.16,17,48
2026-04-23,2026-04-22,Domestic,KLO,BCD,Boeing 737-800,Pilot G,241,2.23,2.68,-10,25
2026-03-28,2026-03-26,International,MNL,BCD,Airbus A320,Pilot C,223,4.51,5.18,26,45
2026-04-13,2026-04-12,Domestic,CRK,MNL,Airbus A320,Pilot B,108,0.81,0.76,-10,1
2026-03-26,2026-03-22,Domestic,PPS,MNL,Boeing 737-800,Pilot I,52,0.94,1.12,-10,19
2026-03-11,2026-03-09,International,TAG,MNL,Airbus A320,Pilot J,73,5.66,5.62,9,9
2026-03-23,2026-03-16,Domestic,KLO,CEB,Airbus A320,Pilot K,214,1.42,1.49,7,5
2026-03-06,2026-03-05,Domestic,PPS,DGT,ATR 72-600,Pilot L,114,2.98,3.43,18,21
2026-04-16,2026-04-11,Domestic,MNL,BCD,Airbus A321,Pilot J,198,2.04,1.62,-2,-15
2026-03-12,2026-03-06,Domestic,ILO,PPS,Airbus A320,Pilot J,140,2.71,3.66,53,55
2026-03-23,2026-03-21,Domestic,KLO,DVO,Airbus A320,Pilot J,236,2.81,2.92,16,1
2026-04-29,2026-04-27,Domestic,TAG,DGT,Airbus A321,Pilot L,151,2.56,3.01,17,40
2026-04-06,2026-03-31,International,CRK,CEB,Boeing 737-800,Pilot F,238,11.31,11.79,16,31
2026-03-28,2026-03-27,International,DVO,DGT,ATR 72-600,Pilot J,95,8.45,9.73,34,65
2026-04-03,2026-03-30,International,CRK,MNL,Airbus A320,Pilot J,211,4.05,4.13,25,1
2026-04-17,2026-04-15,Domestic,CEB,MNL,Airbus A320,Pilot B,155,2.58,3.37,22,61
2026-03-16,2026-03-15,Domestic,KLO,MNL,Boeing 737-800,Pilot I,81,2.96,3.12,28,5
2026-04-08,2026-04-04,International,BCD,PPS,Airbus A321,Pilot E,91,5.3,4.96,-10,-15
2026-04-23,2026-04-19,Domestic,TAG,DVO,Airbus A321,Pilot B,109,2.07,1.9,-10,-15
2026-04-04,2026-04-01,Domestic,DGT,ILO,Embraer E190,Pilot C,74,2.94,3.51,10,39
2026-03-28,2026-03-22,Domestic,MNL,ILO,Boeing 737-800,Pilot B,245,1.89,2.17,8,17
2026-03-09,2026-03-08,Domestic,DVO,PPS,Airbus A321,Pilot K,86,2.75,3.12,25,26
2026-03-16,2026-03-12,Domestic,CRK,ILO,Embraer E190,Pilot J,171,0.93,0.98,12,3
2026-04-27,2026-04-25,International,DVO,MNL,Airbus A320,Pilot B,165,11.57,11.59,25,5
2026-04-03,2026-03-28,Domestic,TAG,CRK,Embraer E190,Pilot H,158,2.07,2.29,-10,15
2026-03-19,2026-03-15,Domestic,CEB,DVO,Boeing 737-800,Pilot H,178,0.98,1.36,12,31
2026-03-26,2026-03-21,International,MNL,PPS,Boeing 737-800,Pilot G,241,8.23,8.61,-10,19
2026-04-05,2026-04-04,Domestic,TAG,PPS,Embraer E190,Pilot H,252,0.81,1.38,21,33
2026-04-02,2026-03-29,Domestic,DGT,MNL,Boeing 737-800,Pilot K,232,2.52,2.08,-10,-15
2026-04-12,2026-04-11,International,DVO,PPS,Airbus A321,Pilot G,141,7.15,7.32,20,3
2026-03-16,2026-03-13,Domestic,CRK,MNL,Airbus A320,Pilot H,200,3.12,3.15,-10,3
2026-04-09,2026-04-02,Domestic,KLO,BCD,Boeing 737-800,Pilot G,80,1.72,1.77,4,2
2026-03-28,2026-03-22,Domestic,KLO,CRK,Boeing 737-800,Pilot E,234,0.87,1.41,32,27
2026-04-27,2026-04-26,Domestic,DGT,CRK,Airbus A320,Pilot K,83,0.86,0.93,17,2
2026-03-10,2026-03-07,Domestic,ILO,MNL,Boeing 737-800,Pilot E,65,2.13,2.47,-10,12
2026-03-10,2026-03-03,Domestic,MNL,CRK,Boeing 737-800,Pilot J,222,3.17,3.3,-3,10
2026-03-29,2026-03-27,Domestic,ILO,PPS,Airbus A321,Pilot H,206,3.15,3.34,-10,4
2026-04-01,2026-03-26,Domestic,KLO,DGT,Airbus A320,Pilot I,70,1.61,1.37,-10,-15
2026-04-12,2026-04-09,Domestic,KLO,TAG,Airbus A321,Pilot J,252,1.96,2.4,15,23
2026-03-25,2026-03-21,International,KLO,ILO,Airbus A320,Pilot I,64,5.09,5.22,24,5
2026-04-25,2026-04-18,Domestic,DGT,KLO,Airbus A320,Pilot G,50,2.05,2.62,22,25
2026-03-29,2026-03-24,Domestic,TAG,ILO,Airbus A321,Pilot H,250,2.24,2.08,25,-15
2026-03-08,2026-03-06,Domestic,DVO,PPS,Airbus A320,Pilot G,89,1.4,1.16,12,-11
2026-03-08,2026-03-07,Domestic,CRK,KLO,Airbus A320,Pilot E,91,2.27,2.28,6,5
2026-04-29,2026-04-27,Domestic,BCD,ILO,Boeing 737-800,Pilot I,214,2.96,3.59,-10,38
2026-03-09,2026-03-06,Domestic,ILO,DVO,Airbus A321,Pilot K,173,0.8,0.5,2,-15
2026-04-27,2026-04-26,International,ILO,CRK,Embraer E190,Pilot I,154,4.3,3.92,-10,-15
2026-03-17,2026-03-10,Domestic,CEB,KLO,ATR 72-600,Pilot J,257,1.3,1.08,-7,2
2026-03-06,2026-03-05,International,DVO,BCD,Boeing 737-800,Pilot J,59,11.46,12.12,14,51
2026-03-19,2026-03-15,International,PPS,ILO,Embraer E190,Pilot E,243,9.91,10.45,9,18
2026-04-07,2026-03-31,Domestic,TAG,CEB,ATR 72-600,Pilot A,98,2.3,3.84,79,97
2026-03-27,2026-03-24,Domestic,PPS,TAG,Airbus A321,Pilot E,176,1.05,1.1,-10,-11
2026-04-17,2026-04-13,Domestic,CRK,ILO,Boeing 737-800,Pilot J,111,2.57,2.7,9,5
2026-04-07,2026-04-06,International,CEB,DGT,Airbus A320,Pilot J,104,4.9,4.83,-10,-4
2026-03-25,2026-03-19,Domestic,CEB,MNL,Boeing 737-800,Pilot G,110,3.02,2.77,3,-4
2026-04-08,2026-04-01,Domestic,CRK,DGT,Airbus A321,Pilot J,162,2.38,2.75,4,22
2026-04-29,2026-04-23,International,KLO,DVO,Airbus A320,Pilot A,233,4.06,4.4,31,7
2026-03-26,2026-03-24,Domestic,TAG,KLO,Airbus A320,Pilot H,64,1.0,1.57,2,23
2026-03-10,2026-03-07,Domestic,TAG,DVO,Embraer E190,Pilot I,185,1.36,1.63,8,14
2026-03-25,2026-03-19,Domestic,MNL,ILO,Airbus A321,Pilot G,229,3.11,3.04,3,4
2026-04-21,2026-04-15,International,PPS,CRK,Airbus A320,Pilot I,201,8.03,7.67,-10,-15
2026-03-14,2026-03-11,International,DVO,PPS,Airbus A320,Pilot F,255,9.97,9.62,-2,-15
2026-04-27,2026-04-20,Domestic,CEB,MNL,Airbus A321,Pilot G,42,1.58,2.25,4,31
2026-04-05,2026-04-03,Domestic,KLO,TAG,ATR 72-600,Pilot H,119,2.02,2.47,14,15
2026-04-06,2026-03-31,Domestic,MNL,DGT,ATR 72-600,Pilot J,134,1.5,2.09,24,34
2026-03-20,2026-03-16,Domestic,CRK,KLO,Airbus A321,Pilot C,157,3.15,3.05,7,-4
2026-04-26,2026-04-21,Domestic,KLO,DVO,Airbus A320,Pilot D,109,1.33,1.68,6,10
2026-03-03,2026-02-26,International,DVO,BCD,Airbus A320,Pilot F,95,10.39,10.02,-10,-15
2026-03-19,2026-03-15,Domestic,KLO,CEB,Airbus A321,Pilot C,227,1.83,2.35,24,31
2026-03-26,2026-03-20,Domestic,ILO,PPS,ATR 72-600,Pilot E,91,1.1,1.31,-3,9
2026-03-30,2026-03-24,Domestic,PPS,DVO,Boeing 737-800,Pilot E,249,1.72,2.27,28,39
2026-03-29,2026-03-23,Domestic,CEB,BCD,Airbus A321,Pilot D,48,2.86,3.28,41,30
2026-03-10,2026-03-09,Domestic,MNL,CRK,Boeing 737-800,Pilot E,133,1.14,1.17,8,7
2026-03-14,2026-03-11,Domestic,KLO,PPS,Airbus A321,Pilot G,174,2.2,2.45,-10,5
2026-03-06,2026-02-28,Domestic,DVO,PPS,Boeing 737-800,Pilot I,254,1.78,2.23,12,13
2026-04-04,2026-03-28,International,PPS,DVO,Boeing 737-800,Pilot D,208,6.44,6.79,20,20
2026-03-22,2026-03-19,Domestic,MNL,BCD,Boeing 737-800,Pilot K,43,0.83,1.53,5,44
2026-04-04,2026-03-29,Domestic,KLO,ILO,Boeing 737-800,Pilot F,204,1.46,1.19,0,-12
2026-04-05,2026-04-01,International,DGT,DVO,Embraer E190,Pilot I,111,5.98,6.78,24,48
2026-04-12,2026-04-10,Domestic,MNL,KLO,Airbus A321,Pilot B,229,1.7,1.75,23,7
2026-04-03,2026-03-27,Domestic,CRK,DGT,Airbus A320,Pilot C,210,2.74,3.08,4,21
2026-04-09,2026-04-05,Domestic,TAG,MNL,Airbus A320,Pilot F,82,2.53,2.71,-10,8
2026-04-05,2026-03-31,International,KLO,DGT,Boeing 737-800,Pilot E,119,7.64,7.89,22,18
2026-04-09,2026-04-06,Domestic,CEB,TAG,Boeing 737-800,Pilot F,220,1.82,1.55,-5,-15
2026-04-07,2026-04-06,International,DVO,KLO,Boeing 737-800,Pilot B,242,10.35,10.11,17,-13
2026-03-20,2026-03-16,Domestic,PPS,BCD,Boeing 737-800,Pilot F,172,2.4,2.51,15,9
2026-03-16,2026-03-10,Domestic,TAG,CRK,Airbus A320,Pilot I,88,1.32,1.33,-10,4
2026-04-18,2026-04-15,Domestic,CRK,CEB,Boeing 737-800,Pilot I,125,1.53,1.62,14,0
2026-03-21,2026-03-14,Domestic,ILO,KLO,Boeing 737-800,Pilot C,215,2.07,2.36,23,30
2026-04-03,2026-03-28,Domestic,PPS,TAG,Airbus A321,Pilot E,171,2.71,2.97,26,4
2026-03-13,2026-03-08,Domestic,CEB,DVO,Airbus A321,Pilot G,84,1.91,2.19,15,16
2026-03-27,2026-03-21,International,DVO,PPS,Airbus A320,Pilot G,102,4.18,4.0,-10,-15
2026-04-02,2026-03-26,Domestic,PPS,DVO,Airbus A321,Pilot J,83,3.18,4.0,40,44
2026-04-08,2026-04-02,Domestic,CEB,PPS,ATR 72-600,Pilot E,143,1.08,1.28,21,17
2026-04-02,2026-03-27,Domestic,PPS,CRK,ATR 72-600,Pilot I,138,3.09,2.73,-10,-15
2026-03-23,2026-03-18,Domestic,ILO,CRK,Boeing 737-800,Pilot K,159,2.74,2.42,-5,-12
2026-04-28,2026-04-21,Domestic,DGT,ILO,Airbus A321,Pilot D,247,2.81,2.86,17,5
2026-04-01,2026-03-31,Domestic,MNL,TAG,Boeing 737-800,Pilot J,183,2.71,2.93,27,8
2026-04-19,2026-04-16,Domestic,DGT,MNL,Boeing 737-800,Pilot D,168,1.3,1.65,1,25
2026-04-14,2026-04-07,Domestic,DVO,ILO,Airbus A321,Pilot E,120,2.32,2.88,30,29
2026-04-04,2026-03-31,International,MNL,DGT,ATR 72-600,Pilot H,179,6.9,6.37,-10,-15
2026-04-24,2026-04-23,Domestic,PPS,KLO,Airbus A320,Pilot H,250,2.59,2.29,-10,-15
2026-03-08,2026-03-02,Domestic,KLO,CRK,Airbus A320,Pilot G,42,1.45,1.77,-10,11
2026-04-26,2026-04-21,Domestic,TAG,MNL,Airbus A320,Pilot C,116,1.23,0.96,-8,-15
2026-04-21,2026-04-14,Domestic,CEB,BCD,Airbus A320,Pilot B,52,1.59,2.77,45,77
2026-03-31,2026-03-30,International,MNL,BCD,ATR 72-600,Pilot K,84,8.2,8.9,57,47
2026-04-14,2026-04-12,International,KLO,DGT,Airbus A321,Pilot K,54,4.35,4.5,17,31
2026-04-01,2026-03-28,International,TAG,PPS,Airbus A320,Pilot K,170,10.97,11.22,-2,22
2026-03-17,2026-03-15,Domestic,ILO,MNL,Airbus A321,Pilot G,220,2.65,3.11,7,20
2026-04-18,2026-04-14,Domestic,PPS,KLO,Airbus A321,Pilot K,246,2.42,2.38,22,2
2026-03-16,2026-03-13,Domestic,DGT,PPS,Airbus A321,Pilot F,92,1.43,1.12,-10,-15
2026-03-20,2026-03-18,Domestic,TAG,ILO,Airbus A320,Pilot A,193,1.95,2.09,-1,25
2026-04-01,2026-03-26,Domestic,KLO,ILO,Boeing 737-800,Pilot C,112,1.61,2.0,44,35
2026-04-21,2026-04-20,Domestic,BCD,TAG,Airbus A320,Pilot D,109,1.36,1.72,-10,13
2026-03-24,2026-03-17,International,KLO,BCD,ATR 72-600,Pilot E,174,7.28,7.24,-4,-7
2026-03-31,2026-03-29,Domestic,BCD,CRK,Airbus A320,Pilot L,189,1.61,1.79,12,20
2026-03-03,2026-02-26,Domestic,KLO,ILO,Boeing 737-800,Pilot D,168,1.41,1.3,18,-2
2026-03-08,2026-03-01,International,KLO,DVO,ATR 72-600,Pilot H,61,6.39,6.25,-2,-8
2026-03-04,2026-03-03,Domestic,ILO,KLO,Airbus A320,Pilot D,130,0.95,0.86,14,3
2026-03-05,2026-02-26,Domestic,BCD,DGT,Airbus A320,Pilot H,102,1.45,1.78,25,34
2026-04-22,2026-04-19,Domestic,PPS,BCD,Embraer E190,Pilot G,40,0.91,1.92,55,62
2026-04-21,2026-04-15,International,DGT,PPS,Airbus A321,Pilot B,48,5.78,6.22,9,22
2026-04-20,2026-04-14,Domestic,BCD,CEB,Boeing 737-800,Pilot F,138,2.16,2.35,11,7
2026-03-04,2026-03-02,Domestic,CEB,DGT,Airbus A320,Pilot B,62,1.61,2.28,46,34
2026-03-05,2026-03-02,Domestic,KLO,DVO,Airbus A320,Pilot K,202,1.15,1.1,0,8
2026-03-18,2026-03-11,Domestic,CRK,DGT,Boeing 737-800,Pilot I,52,3.1,2.86,-10,-15
2026-04-04,2026-04-03,Domestic,MNL,ILO,ATR 72-600,Pilot L,91,2.2,2.87,18,42
2026-03-21,2026-03-20,Domestic,MNL,DGT,Airbus A320,Pilot K,256,2.43,3.07,36,39
2026-03-30,2026-03-27,Domestic,KLO,TAG,ATR 72-600,Pilot C,195,2.08,2.37,20,19
2026-03-11,2026-03-06,Domestic,DGT,PPS,Boeing 737-800,Pilot I,162,2.74,3.04,10,23
2026-04-14,2026-04-08,Domestic,KLO,DGT,Airbus A320,Pilot B,43,2.95,2.49,-10,-6
2026-03-20,2026-03-16,Domestic,ILO,BCD,Airbus A321,Pilot L,49,1.72,1.63,11,-14
2026-03-05,2026-03-01,Domestic,MNL,TAG,Airbus A320,Pilot J,239,2.46,2.92,39,25
2026-04-15,2026-04-08,International,BCD,CEB,Airbus A321,Pilot I,215,5.42,5.48,-10,14
2026-04-25,2026-04-23,Domestic,MNL,KLO,Boeing 737-800,Pilot L,249,2.36,2.65,7,14
2026-03-01,2026-02-22,Domestic,TAG,KLO,Airbus A321,Pilot K,217,1.76,1.46,3,-15
2026-03-27,2026-03-24,International,TAG,CEB,Airbus A320,Pilot K,40,8.81,8.89,-3,8
2026-04-20,2026-04-18,Domestic,DGT,PPS,Boeing 737-800,Pilot B,217,3.09,3.2,17,12
2026-04-13,2026-04-06,Domestic,DVO,KLO,Boeing 737-800,Pilot A,140,2.88,3.13,22,11
2026-04-22,2026-04-17,Domestic,CEB,KLO,Boeing 737-800,Pilot L,192,1.5,1.5,22,6
2026-03-26,2026-03-22,Domestic,DVO,BCD,Boeing 737-800,Pilot D,131,3.19,3.29,-9,14
2026-03-23,2026-03-20,Domestic,PPS,TAG,Airbus A320,Pilot F,198,1.56,1.45,-10,-15
2026-04-13,2026-04-09,International,DVO,TAG,Boeing 737-800,Pilot A,225,11.24,11.35,18,8
2026-03-10,2026-03-04,Domestic,TAG,CEB,Airbus A321,Pilot H,254,2.84,2.96,1,8
2026-03-15,2026-03-13,Domestic,CEB,KLO,Airbus A321,Pilot J,158,1.53,3.03,52,85
2026-04-06,2026-04-04,Domestic,MNL,CRK,Airbus A320,Pilot K,101,1.88,2.93,53,68
2026-04-10,2026-04-07,Domestic,DVO,PPS,Boeing 737-800,Pilot G,174,2.4,3.11,56,46
2026-03-08,2026-03-04,Domestic,PPS,KLO,Boeing 737-800,Pilot H,149,1.11,1.55,-9,24
2026-04-01,2026-03-26,Domestic,BCD,DGT,Airbus A321,Pilot G,84,1.81,1.73,25,6
2026-03-23,2026-03-21,Domestic,CRK,ILO,ATR 72-600,Pilot F,199,1.54,2.25,31,41
2026-03-31,2026-03-25,Domestic,BCD,DVO,ATR 72-600,Pilot G,56,2.42,3.05,29,43
2026-04-28,2026-04-21,Domestic,BCD,CEB,Airbus A320,Pilot L,128,1.13,1.12,4,-7
2026-03-05,2026-03-01,Domestic,KLO,DGT,Boeing 737-800,Pilot D,192,1.36,2.39,40,58
2026-04-30,2026-04-23,Domestic,KLO,CEB,Airbus A321,Pilot F,242,2.51,2.69,12,8
2026-03-28,2026-03-21,Domestic,CEB,CRK,Embraer E190,Pilot H,176,1.17,1.53,15,33
2026-04-17,2026-04-11,Domestic,DVO,TAG,Airbus A320,Pilot G,255,1.81,1.55,-10,-15
2026-03-26,2026-03-23,Domestic,KLO,DGT,Airbus A321,Pilot A,223,2.51,2.99,26,37
2026-03-19,2026-03-16,Domestic,CEB,ILO,Airbus A321,Pilot D,91,2.64,2.7,6,4
2026-04-17,2026-04-10,Domestic,ILO,MNL,Airbus A320,Pilot H,225,1.03,1.55,22,48
2026-04-11,2026-04-07,Domestic,CEB,MNL,Boeing 737-800,Pilot I,113,2.84,3.01,17,21
2026-03-09,2026-03-08,Domestic,PPS,DGT,Airbus A321,Pilot I,178,2.54,3.4,16,43
2026-04-13,2026-04-07,Domestic,CEB,MNL,Airbus A320,Pilot L,84,1.61,2.07,11,25
2026-04-15,2026-04-12,International,MNL,BCD,Boeing 737-800,Pilot I,158,5.98,6.47,29,32
2026-03-24,2026-03-17,Domestic,BCD,ILO,ATR 72-600,Pilot G,189,2.55,2.89,8,27
2026-04-26,2026-04-20,Domestic,DVO,MNL,ATR 72-600,Pilot D,241,2.24,2.26,-10,9
2026-04-09,2026-04-08,Domestic,CRK,CEB,Airbus A321,Pilot E,247,2.14,2.8,25,38
2026-03-21,2026-03-14,Domestic,CRK,BCD,Airbus A321,Pilot J,216,2.56,2.27,-6,-15
2026-03-01,2026-02-22,Domestic,DVO,PPS,Airbus A320,Pilot F,162,3.2,3.14,-10,-15
2026-04-11,2026-04-05,International,PPS,DVO,ATR 72-600,Pilot I,234,4.96,5.27,-10,20
2026-03-13,2026-03-11,Domestic,BCD,PPS,Boeing 737-800,Pilot B,63,2.74,2.75,18,0
2026-04-16,2026-04-11,Domestic,DVO,BCD,Boeing 737-800,Pilot B,259,2.59,2.94,10,31
2026-04-02,2026-03-26,Domestic,BCD,DVO,ATR 72-600,Pilot C,84,2.85,2.94,-10,8
2026-03-29,2026-03-23,Domestic,PPS,CEB,Airbus A320,Pilot C,128,3.09,3.04,4,-4
2026-03-10,2026-03-06,Domestic,KLO,ILO,Boeing 737-800,Pilot H,239,1.26,1.33,38,7
2026-04-13,2026-04-08,Domestic,KLO,TAG,Airbus A320,Pilot H,197,1.2,1.09,2,-3
2026-03-11,2026-03-08,Domestic,DGT,CEB,Airbus A320,Pilot G,226,2.21,3.08,8,50
2026-03-26,2026-03-24,International,ILO,DVO,Airbus A321,Pilot D,191,6.23,6.81,35,24
2026-04-21,2026-04-16,Domestic,CRK,BCD,Airbus A321,Pilot G,172,2.17,2.54,30,21
2026-04-26,2026-04-22,Domestic,KLO,CRK,Embraer E190,Pilot B,78,2.72,3.21,34,21
2026-04-30,2026-04-28,International,TAG,PPS,Airbus A321,Pilot F,259,4.61,4.97,-10,17
2026-04-28,2026-04-23,Domestic,PPS,BCD,ATR 72-600,Pilot B,180,1.8,2.78,50,51
2026-04-03,2026-03-31,Domestic,MNL,KLO,Boeing 737-800,Pilot A,187,2.52,2.78,26,20
2026-03-13,2026-03-08,Domestic,ILO,KLO,Boeing 737-800,Pilot B,134,1.27,2.85,66,96
2026-04-21,2026-04-18,Domestic,PPS,TAG,Embraer E190,Pilot B,249,2.08,2.22,-5,10
2026-04-18,2026-04-11,Domestic,DVO,ILO,Airbus A321,Pilot F,139,0.85,0.67,-10,-15
2026-04-30,2026-04-24,Domestic,DGT,DVO,Airbus A321,Pilot G,81,2.01,2.02,12,-5
2026-04-09,2026-04-05,Domestic,TAG,CEB,Airbus A320,Pilot H,79,2.11,2.66,6,32
2026-03-09,2026-03-04,Domestic,TAG,CRK,Airbus A320,Pilot F,193,2.57,3.19,26,31
2026-03-31,2026-03-29,Domestic,MNL,BCD,ATR 72-600,Pilot C,203,2.36,2.51,36,13
2026-03-28,2026-03-21,Domestic,KLO,ILO,Airbus A321,Pilot A,85,1.66,1.52,10,-15
2026-04-21,2026-04-19,Domestic,KLO,ILO,Airbus A321,Pilot I,193,0.81,0.8,7,-8
2026-03-24,2026-03-17,International,BCD,ILO,Airbus A320,Pilot L,259,10.22,10.4,23,6
2026-03-21,2026-03-15,Domestic,TAG,DGT,Airbus A321,Pilot D,157,3.14,2.91,6,-15
2026-03-05,2026-03-03,Domestic,CRK,DGT,Boeing 737-800,Pilot C,253,3.01,2.93,5,-10
2026-04-20,2026-04-19,Domestic,KLO,CEB,Airbus A321,Pilot D,74,1.58,1.86,35,23
2026-04-16,2026-04-10,Domestic,BCD,CEB,ATR 72-600,Pilot C,128,1.42,2.06,40,37
2026-03-03,2026-02-24,Domestic,PPS,DVO,Boeing 737-800,Pilot C,162,1.85,3.07,36,71
2026-03-27,2026-03-21,Domestic,PPS,TAG,ATR 72-600,Pilot F,118,2.46,2.43,8,8
2026-03-30,2026-03-29,Domestic,CRK,ILO,Airbus A320,Pilot J,62,1.66,1.58,-10,-8
2026-03-29,2026-03-24,International,DGT,TAG,Boeing 737-800,Pilot I,140,5.97,6.2,9,23
2026-04-26,2026-04-23,Domestic,MNL,BCD,Airbus A320,Pilot L,114,1.77,1.65,-5,-4
2026-03-10,2026-03-03,Domestic,ILO,KLO,Airbus A321,Pilot E,84,1.43,1.78,9,21
2026-03-19,2026-03-13,International,BCD,DVO,Boeing 737-800,Pilot F,121,6.05,6.08,-3,7
2026-03-12,2026-03-06,International,MNL,CRK,Boeing 737-800,Pilot E,131,4.26,4.59,12,19
2026-03-15,2026-03-12,Domestic,ILO,CEB,Airbus A320,Pilot A,234,2.38,3.14,-10,45
2026-04-25,2026-04-22,Domestic,KLO,BCD,ATR 72-600,Pilot E,148,2.06,2.14,-10,11
2026-04-27,2026-04-21,Domestic,BCD,DVO,Airbus A320,Pilot D,131,1.45,1.93,39,25
2026-03-03,2026-03-02,Domestic,CEB,DVO,Boeing 737-800,Pilot F,125,2.13,2.09,-9,3
2026-04-08,2026-04-07,Domestic,DVO,MNL,Embraer E190,Pilot B,171,1.98,2.3,12,3
2026-03-15,2026-03-14,International,DVO,PPS,Boeing 737-800,Pilot I,100,10.34,11.09,33,46
2026-03-12,2026-03-08,International,BCD,DGT,ATR 72-600,Pilot K,232,7.92,7.98,32,12
2026-03-18,2026-03-17,Domestic,CRK,ILO,Boeing 737-800,Pilot L,132,1.11,1.23,29,14
2026-03-12,2026-03-07,Domestic,KLO,DGT,ATR 72-600,Pilot B,133,2.92,3.56,19,30
2026-03-30,2026-03-28,International,PPS,DGT,Boeing 737-800,Pilot B,54,5.32,6.12,28,51
2026-04-30,2026-04-23,International,PPS,KLO,Boeing 737-800,Pilot L,234,4.9,5.67,42,56
2026-04-05,2026-04-01,Domestic,CEB,BCD,Airbus A320,Pilot K,143,1.7,2.49,21,41
2026-04-14,2026-04-13,Domestic,DGT,ILO,Boeing 737-800,Pilot H,70,1.63,1.61,-10,2
2026-03-31,2026-03-26,International,CEB,KLO,Airbus A320,Pilot D,77,5.68,5.89,0,8
2026-03-01,2026-02-26,Domestic,MNL,KLO,Embraer E190,Pilot G,120,3.16,3.66,27,23
2026-03-06,2026-03-04,Domestic,MNL,PPS,Airbus A320,Pilot G,211,2.26,2.59,-2,18
2026-03-17,2026-03-12,International,DVO,BCD,Airbus A320,Pilot K,60,7.36,8.83,48,71
2026-03-15,2026-03-08,International,TAG,KLO,ATR 72-600,Pilot G,66,5.03,5.07,11,15
2026-04-21,2026-04-14,International,DVO,MNL,Airbus A320,Pilot A,163,4.31,4.5,14,17
2026-04-21,2026-04-17,Domestic,BCD,DGT,Airbus A321,Pilot I,149,1.22,2.37,37,71
2026-04-22,2026-04-16,Domestic,ILO,TAG,Boeing 737-800,Pilot J,250,2.3,2.79,8,13
2026-04-08,2026-04-06,Domestic,MNL,CEB,Airbus A320,Pilot D,205,2.03,2.61,16,22
2026-04-03,2026-03-28,Domestic,ILO,DVO,Airbus A320,Pilot B,184,2.69,3.61,32,46
2026-04-09,2026-04-02,Domestic,MNL,DGT,Airbus A321,Pilot B,113,2.38,2.17,-10,-7
2026-03-25,2026-03-21,Domestic,ILO,CRK,Airbus A320,Pilot K,177,2.24,2.09,6,-4
2026-04-10,2026-04-06,Domestic,KLO,TAG,Airbus A320,Pilot F,168,2.76,3.36,30,42
2026-04-18,2026-04-14,Domestic,KLO,PPS,Airbus A320,Pilot G,101,0.96,1.15,13,17
2026-04-16,2026-04-15,Domestic,DVO,TAG,Airbus A321,Pilot L,121,2.46,4.01,44,82
2026-04-07,2026-03-31,Domestic,PPS,MNL,Airbus A321,Pilot A,244,2.52,2.64,-10,9
2026-03-04,2026-02-26,Domestic,KLO,ILO,Airbus A320,Pilot C,158,1.46,1.2,-10,-15
2026-04-14,2026-04-07,Domestic,DVO,KLO,Boeing 737-800,Pilot J,143,1.27,2.15,29,47
2026-03-23,2026-03-22,Domestic,ILO,TAG,Boeing 737-800,Pilot G,215,1.31,1.81,31,42
2026-04-15,2026-04-09,International,CEB,DVO,Airbus A320,Pilot A,98,7.94,8.56,8,37
2026-04-02,2026-03-30,Domestic,DGT,CRK,Airbus A321,Pilot I,88,2.06,2.21,21,17
2026-04-23,2026-04-17,Domestic,PPS,CEB,ATR 72-600,Pilot B,257,1.13,1.69,28,36
2026-03-21,2026-03-14,Domestic,DVO,PPS,Boeing 737-800,Pilot J,216,2.38,2.26,-6,-3
2026-04-26,2026-04-19,Domestic,BCD,DGT,Airbus A321,Pilot J,133,1.05,1.01,-4,2
2026-04-21,2026-04-14,Domestic,BCD,CEB,Airbus A321,Pilot J,248,0.86,0.97,16,5
2026-03-21,2026-03-20,Domestic,BCD,DVO,Airbus A320,Pilot F,121,1.57,2.38,32,47
2026-03-30,2026-03-27,Domestic,MNL,CRK,ATR 72-600,Pilot D,188,1.26,1.28,-10,3
2026-04-02,2026-03-30,Domestic,TAG,DVO,ATR 72-600,Pilot K,47,3.17,3.81,8,36
2026-04-16,2026-04-12,Domestic,DGT,ILO,ATR 72-600,Pilot G,193,1.53,1.63,7,12
2026-04-12,2026-04-05,Domestic,DGT,DVO,Airbus A320,Pilot H,79,1.33,1.73,21,19
2026-04-21,2026-04-16,Domestic,DGT,CRK,Airbus A321,Pilot B,93,1.27,1.76,12,31
2026-03-23,2026-03-19,Domestic,DGT,KLO,Airbus A320,Pilot H,218,1.7,1.49,0,-9
2026-03-31,2026-03-25,Domestic,PPS,CRK,Airbus A321,Pilot G,85,2.25,3.22,39,64
2026-03-27,2026-03-25,International,MNL,CEB,Airbus A321,Pilot D,146,6.19,6.56,0,24
2026-04-25,2026-04-20,Domestic,ILO,TAG,Boeing 737-800,Pilot J,242,1.67,2.46,6,34
2026-03-19,2026-03-15,Domestic,DVO,ILO,Airbus A320,Pilot B,250,2.3,2.33,-10,2
2026-04-05,2026-04-03,Domestic,DVO,PPS,ATR 72-600,Pilot I,137,1.96,1.69,-4,-8
2026-03-08,2026-03-03,Domestic,TAG,PPS,Airbus A320,Pilot L,58,2.83,3.44,23,30
2026-04-21,2026-04-15,Domestic,TAG,PPS,Airbus A320,Pilot G,103,2.17,2.63,19,31
2026-03-24,2026-03-18,Domestic,KLO,CEB,ATR 72-600,Pilot B,175,1.5,1.87,25,20
2026-03-21,2026-03-15,International,PPS,MNL,Boeing 737-800,Pilot G,114,5.36,6.17,24,53
2026-04-05,2026-03-30,Domestic,CEB,MNL,Airbus A321,Pilot G,198,2.77,4.14,58,73
2026-03-31,2026-03-27,Domestic,DVO,PPS,Boeing 737-800,Pilot G,258,1.92,1.6,-4,-15
2026-04-21,2026-04-20,International,TAG,BCD,Airbus A320,Pilot D,176,7.21,7.86,-10,29
2026-04-02,2026-03-26,Domestic,ILO,PPS,Airbus A320,Pilot H,177,2.91,2.73,-10,-3
2026-04-01,2026-03-28,Domestic,KLO,BCD,Airbus A321,Pilot D,156,1.27,0.98,-3,-15
2026-03-07,2026-03-02,Domestic,ILO,DGT,Airbus A321,Pilot G,81,2.69,2.61,-9,-15
2026-03-02,2026-03-01,Domestic,DVO,KLO,Boeing 737-800,Pilot H,167,2.24,3.03,14,46
2026-03-25,2026-03-18,Domestic,TAG,PPS,Airbus A320,Pilot H,245,2.08,3.65,40,78
2026-04-30,2026-04-23,Domestic,PPS,CRK,Boeing 737-800,Pilot J,191,2.03,3.15,46,69
2026-04-25,2026-04-18,International,BCD,DGT,ATR 72-600,Pilot K,205,10.31,11.21,23,52
2026-04-08,2026-04-06,Domestic,CRK,TAG,Airbus A320,Pilot J,229,2.27,3.93,59,86
2026-04-08,2026-04-02,Domestic,BCD,TAG,Airbus A320,Pilot J,125,2.09,2.22,4,19
2026-03-24,2026-03-19,Domestic,DGT,KLO,Airbus A321,Pilot K,113,0.92,0.74,-10,1
2026-03-11,2026-03-09,Domestic,BCD,CRK,ATR 72-600,Pilot C,253,1.88,2.62,35,50
2026-03-01,2026-02-25,Domestic,ILO,CEB,Boeing 737-800,Pilot D,141,2.98,3.21,-10,8
2026-03-21,2026-03-17,Domestic,DVO,ILO,Boeing 737-800,Pilot G,201,2.51,2.1,-5,-13
2026-03-20,2026-03-15,Domestic,KLO,PPS,Airbus A321,Pilot F,179,0.92,1.67,23,41
2026-03-12,2026-03-11,Domestic,CRK,PPS,Airbus A320,Pilot I,67,2.92,3.67,10,41
2026-03-16,2026-03-12,Domestic,BCD,CRK,Boeing 737-800,Pilot A,109,2.78,3.17,8,9
2026-03-02,2026-02-25,Domestic,MNL,DVO,Airbus A320,Pilot B,111,2.11,2.05,-10,-11
2026-04-07,2026-04-01,Domestic,CEB,ILO,Boeing 737-800,Pilot I,79,0.85,1.33,12,26
2026-04-26,2026-04-20,Domestic,PPS,TAG,Airbus A320,Pilot J,211,2.15,2.76,34,27
2026-04-12,2026-04-07,Domestic,CRK,MNL,Airbus A321,Pilot D,252,0.93,0.88,12,-7
2026-03-28,2026-03-23,Domestic,ILO,CRK,Boeing 737-800,Pilot D,252,1.57,1.85,-6,20
2026-03-26,2026-03-25,Domestic,KLO,DVO,Airbus A321,Pilot G,82,2.31,1.96,-10,-13
2026-03-19,2026-03-13,Domestic,ILO,TAG,Boeing 737-800,Pilot F,138,2.99,2.91,-6,-1
2026-03-09,2026-03-06,Domestic,PPS,ILO,Airbus A321,Pilot C,91,1.66,1.91,21,15
2026-04-06,2026-04-02,Domestic,DVO,MNL,ATR 72-600,Pilot G,53,2.86,3.68,20,48
2026-04-04,2026-03-31,Domestic,PPS,DVO,ATR 72-600,Pilot J,176,3.0,2.98,-6,14
2026-03-01,2026-02-22,Domestic,DVO,MNL,ATR 72-600,Pilot I,229,0.85,0.67,-10,-9
2026-03-26,2026-03-23,Domestic,CRK,ILO,Boeing 737-800,Pilot J,57,1.37,1.46,21,5
2026-03-17,2026-03-14,Domestic,KLO,DGT,Boeing 737-800,Pilot H,181,2.5,2.42,-8,-9
2026-03-11,2026-03-05,Domestic,TAG,KLO,Boeing 737-800,Pilot K,47,2.62,3.52,27,42
2026-04-12,2026-04-07,Domestic,DVO,TAG,Airbus A321,Pilot C,225,1.74,1.81,-5,3
2026-04-02,2026-03-30,International,KLO,PPS,Airbus A321,Pilot A,54,10.38,10.22,-10,-3
2026-04-08,2026-04-05,International,MNL,TAG,Boeing 737-800,Pilot B,135,10.93,11.11,15,24
2026-04-13,2026-04-07,Domestic,MNL,CRK,Airbus A320,Pilot L,67,2.58,4.05,64,83
2026-04-29,2026-04-23,International,PPS,DGT,Airbus A320,Pilot H,130,8.77,9.2,28,32
2026-04-18,2026-04-16,Domestic,PPS,DVO,ATR 72-600,Pilot C,134,1.01,1.58,15,28
2026-04-07,2026-04-04,International,CRK,ILO,Airbus A320,Pilot K,158,11.67,11.95,20,7
2026-04-23,2026-04-17,International,BCD,TAG,Boeing 737-800,Pilot D,222,6.02,6.52,-10,41
2026-03-30,2026-03-29,Domestic,CRK,DVO,Boeing 737-800,Pilot H,259,3.04,2.94,-10,-10
2026-04-30,2026-04-28,Domestic,DVO,CEB,Airbus A320,Pilot C,115,2.99,3.13,-10,-1
2026-04-16,2026-04-14,International,ILO,CEB,ATR 72-600,Pilot B,243,8.93,10.14,50,65
2026-04-09,2026-04-05,International,CRK,MNL,Airbus A320,Pilot D,134,9.27,9.75,46,44
2026-04-25,2026-04-21,International,TAG,KLO,ATR 72-600,Pilot C,66,6.63,6.96,21,26
2026-04-01,2026-03-29,Domestic,ILO,DGT,ATR 72-600,Pilot G,172,1.25,1.43,15,20
2026-04-13,2026-04-12,Domestic,CRK,DVO,Airbus A320,Pilot A,199,1.68,1.49,-10,-15
2026-03-18,2026-03-13,International,KLO,ILO,Airbus A320,Pilot C,106,10.84,11.22,7,20
2026-04-28,2026-04-22,Domestic,PPS,DGT,Airbus A321,Pilot G,169,2.79,2.9,51,26
2026-04-08,2026-04-06,Domestic,DVO,PPS,Airbus A321,Pilot E,135,1.15,1.98,15,52
2026-04-17,2026-04-12,Domestic,DGT,MNL,Airbus A320,Pilot H,71,2.35,2.76,0,19
2026-03-29,2026-03-23,Domestic,ILO,KLO,Embraer E190,Pilot H,124,3.16,3.29,-10,7
2026-04-22,2026-04-18,Domestic,BCD,CEB,Airbus A320,Pilot L,134,2.45,2.73,42,16
2026-03-05,2026-02-28,Domestic,DGT,DVO,ATR 72-600,Pilot K,115,0.99,0.96,10,1
2026-03-07,2026-03-05,Domestic,ILO,DVO,Airbus A320,Pilot C,241,2.98,3.19,-10,20
2026-03-31,2026-03-24,Domestic,CEB,BCD,Embraer E190,Pilot I,125,2.34,3.54,-8,72
2026-04-14,2026-04-07,International,PPS,CEB,Airbus A320,Pilot H,177,5.42,5.71,-10,17
2026-04-19,2026-04-14,Domestic,MNL,DVO,Airbus A321,Pilot H,42,2.38,3.0,9,33
2026-03-27,2026-03-20,Domestic,ILO,DVO,Boeing 737-800,Pilot J,108,2.91,3.51,17,31
2026-04-09,2026-04-04,Domestic,DGT,CRK,Airbus A320,Pilot B,234,1.95,1.81,1,-9
2026-04-03,2026-03-29,International,ILO,BCD,ATR 72-600,Pilot E,236,10.26,11.26,29,52
2026-04-28,2026-04-22,Domestic,BCD,CRK,Airbus A320,Pilot J,255,1.89,1.83,14,-1
2026-04-09,2026-04-08,Domestic,KLO,CRK,Boeing 737-800,Pilot K,52,0.97,1.1,35,18
2026-03-26,2026-03-24,Domestic,DVO,KLO,Boeing 737-800,Pilot A,229,2.69,2.51,4,-14
2026-04-29,2026-04-27,Domestic,CRK,BCD,Boeing 737-800,Pilot F,98,1.1,2.82,79,102
2026-03-07,2026-03-02,Domestic,KLO,MNL,Airbus A320,Pilot D,41,1.75,1.88,0,4
2026-04-30,2026-04-28,International,CEB,TAG,Airbus A320,Pilot C,60,10.58,10.41,-8,-1
2026-03-10,2026-03-07,Domestic,ILO,DGT,Airbus A320,Pilot A,205,1.47,1.6,-10,-5
2026-03-18,2026-03-14,Domestic,ILO,BCD,Airbus A321,Pilot G,170,1.77,1.72,7,-8
2026-04-20,2026-04-14,International,TAG,KLO,Airbus A320,Pilot I,166,11.7,11.42,-10,-15
2026-04-14,2026-04-10,Domestic,CEB,BCD,Embraer E190,Pilot G,234,1.55,1.64,18,12
2026-04-29,2026-04-28,International,TAG,ILO,Boeing 737-800,Pilot E,60,6.51,6.39,-10,-15
2026-04-15,2026-04-10,Domestic,ILO,CRK,Boeing 737-800,Pilot J,58,2.89,2.96,16,12
2026-04-08,2026-04-05,Domestic,BCD,CRK,Airbus A321,Pilot H,245,3.13,3.15,-10,-15
2026-03-22,2026-03-21,International,KLO,CEB,Airbus A320,Pilot K,173,10.21,10.45,4,19
2026-03-01,2026-02-24,Domestic,DVO,TAG,Boeing 737-800,Pilot E,210,1.58,2.49,25,42
2026-03-08,2026-03-06,Domestic,DGT,CRK,Airbus A321,Pilot C,155,0.91,1.64,63,45
2026-03-19,2026-03-15,International,DVO,TAG,Airbus A321,Pilot F,71,7.2,7.22,-10,-10
2026-03-03,2026-02-24,Domestic,MNL,DGT,Airbus A321,Pilot G,154,1.74,2.44,9,47
2026-03-31,2026-03-29,Domestic,PPS,KLO,Boeing 737-800,Pilot F,252,3.03,2.78,-4,-15
2026-04-17,2026-04-10,Domestic,BCD,KLO,Embraer E190,Pilot J,65,2.55,2.75,-7,6
2026-04-28,2026-04-24,Domestic,TAG,DVO,Airbus A320,Pilot A,67,1.64,1.77,-4,3
2026-03-30,2026-03-23,Domestic,ILO,DVO,Airbus A321,Pilot G,116,3.12,4.17,30,55
2026-04-23,2026-04-17,Domestic,MNL,PPS,Airbus A320,Pilot F,140,1.83,1.95,1,11
2026-04-30,2026-04-24,Domestic,MNL,ILO,Airbus A321,Pilot C,178,1.46,2.44,61,58
2026-04-22,2026-04-20,Domestic,ILO,CEB,Boeing 737-800,Pilot H,74,1.82,2.42,21,27
2026-03-29,2026-03-23,Domestic,DVO,TAG,Airbus A320,Pilot J,245,1.31,1.16,-10,-4
2026-03-20,2026-03-17,International,DGT,ILO,Boeing 737-800,Pilot G,73,8.44,8.63,4,7
2026-04-29,2026-04-22,Domestic,CEB,BCD,Airbus A321,Pilot B,84,1.67,1.39,-6,-15
2026-03-15,2026-03-08,International,TAG,CRK,Airbus A320,Pilot A,252,8.54,9.51,30,57
2026-03-26,2026-03-21,Domestic,DVO,KLO,Embraer E190,Pilot F,122,1.73,1.97,-10,14
2026-03-05,2026-02-26,International,CEB,PPS,Airbus A321,Pilot I,165,4.65,4.31,-10,-15
2026-04-18,2026-04-14,Domestic,DVO,TAG,ATR 72-600,Pilot D,135,2.34,2.29,-1,-1
2026-04-09,2026-04-08,Domestic,CEB,DVO,Airbus A321,Pilot D,97,1.97,2.45,27,28
2026-03-06,2026-02-27,International,ILO,BCD,Embraer E190,Pilot K,151,5.39,5.76,39,23
2026-03-14,2026-03-10,Domestic,CRK,DGT,Airbus A321,Pilot A,210,2.96,3.37,42,13
2026-04-03,2026-04-02,Domestic,KLO,BCD,Airbus A321,Pilot A,42,2.11,2.51,24,17
2026-04-02,2026-04-01,Domestic,KLO,CEB,ATR 72-600,Pilot B,232,1.48,1.66,10,9
2026-04-18,2026-04-12,Domestic,MNL,CEB,Airbus A321,Pilot L,80,2.91,2.95,29,8
2026-03-17,2026-03-10,Domestic,CEB,DVO,Airbus A321,Pilot F,241,0.93,0.8,-10,-2
2026-04-26,2026-04-21,Domestic,CEB,DVO,Embraer E190,Pilot B,251,1.55,2.05,-10,16
2026-03-28,2026-03-24,Domestic,CEB,PPS,Boeing 737-800,Pilot D,245,2.09,2.67,22,42
2026-04-20,2026-04-17,Domestic,MNL,DGT,Boeing 737-800,Pilot L,183,1.62,1.52,-10,-7
2026-03-15,2026-03-12,Domestic,CRK,KLO,Boeing 737-800,Pilot I,239,1.94,1.73,11,-15
2026-03-03,2026-02-28,Domestic,KLO,MNL,ATR 72-600,Pilot C,229,1.43,1.94,15,33
2026-03-04,2026-03-02,Domestic,CRK,PPS,ATR 72-600,Pilot C,180,1.11,1.41,17,25
2026-03-23,2026-03-22,Domestic,CRK,ILO,Boeing 737-800,Pilot A,236,0.89,1.56,33,46
2026-04-28,2026-04-24,Domestic,ILO,PPS,Airbus A321,Pilot J,115,1.18,2.28,30,70
2026-03-03,2026-03-01,Domestic,KLO,ILO,Airbus A320,Pilot B,223,3.09,3.1,16,6
2026-03-23,2026-03-21,Domestic,CRK,BCD,Boeing 737-800,Pilot D,243,2.18,2.09,2,-15
2026-03-07,2026-03-05,Domestic,DVO,MNL,ATR 72-600,Pilot E,179,1.97,1.97,14,0
2026-04-26,2026-04-20,Domestic,ILO,KLO,Airbus A321,Pilot H,66,1.72,1.87,-1,13
2026-04-11,2026-04-06,Domestic,MNL,TAG,Airbus A320,Pilot H,87,2.5,2.73,8,13
2026-04-16,2026-04-12,Domestic,ILO,MNL,Airbus A321,Pilot J,77,1.14,2.1,70,53
2026-04-13,2026-04-08,Domestic,DGT,DVO,Boeing 737-800,Pilot D,157,1.46,1.34,16,-5
2026-04-10,2026-04-06,Domestic,CRK,DVO,ATR 72-600,Pilot E,135,2.37,2.83,22,21
2026-04-17,2026-04-13,Domestic,CEB,TAG,Airbus A320,Pilot E,222,1.95,1.55,-4,-15
2026-03-01,2026-02-23,Domestic,PPS,KLO,Boeing 737-800,Pilot A,102,2.65,3.59,34,48
2026-04-22,2026-04-16,Domestic,CEB,KLO,ATR 72-600,Pilot I,76,2.95,3.4,29,27
2026-04-15,2026-04-13,Domestic,CEB,BCD,Embraer E190,Pilot G,175,2.78,3.16,29,23
2026-04-15,2026-04-09,Domestic,CEB,DVO,Airbus A320,Pilot F,70,1.24,1.29,17,8
2026-03-24,2026-03-22,Domestic,TAG,PPS,Embraer E190,Pilot L,239,1.02,1.62,35,45
2026-04-18,2026-04-17,Domestic,DGT,MNL,Boeing 737-800,Pilot C,57,1.21,1.78,40,46
2026-03-24,2026-03-21,Domestic,KLO,CEB,ATR 72-600,Pilot L,148,2.68,3.04,18,27
2026-03-03,2026-02-28,Domestic,BCD,TAG,Airbus A320,Pilot I,248,2.99,3.34,9,17
2026-04-25,2026-04-19,International,BCD,CRK,Boeing 737-800,Pilot C,161,9.19,9.67,32,36
2026-03-15,2026-03-10,Domestic,BCD,CEB,Boeing 737-800,Pilot I,217,1.52,1.08,-8,-15
2026-03-07,2026-03-06,Domestic,KLO,ILO,Airbus A321,Pilot J,133,2.82,2.51,-4,-12
2026-04-07,2026-04-03,Domestic,DGT,MNL,Airbus A321,Pilot E,206,2.09,2.19,11,9
2026-03-15,2026-03-09,Domestic,PPS,BCD,Boeing 737-800,Pilot E,195,2.77,3.26,-10,32
2026-04-22,2026-04-16,Domestic,MNL,PPS,Boeing 737-800,Pilot K,152,2.12,2.29,30,11
2026-03-28,2026-03-24,Domestic,CRK,DVO,Airbus A320,Pilot B,62,1.15,1.07,-9,-12
2026-03-01,2026-02-24,International,DGT,CRK,Airbus A321,Pilot A,253,11.04,11.34,2,9
2026-04-28,2026-04-24,International,ILO,DVO,Airbus A320,Pilot H,50,9.52,9.88,7,7
2026-04-01,2026-03-30,Domestic,DVO,CRK,ATR 72-600,Pilot K,118,1.82,2.24,13,37
2026-03-17,2026-03-13,Domestic,TAG,DVO,Embraer E190,Pilot G,181,1.64,1.59,4,3
2026-04-11,2026-04-06,Domestic,BCD,DVO,Airbus A321,Pilot B,209,1.66,1.94,11,12
2026-04-02,2026-04-01,Domestic,KLO,ILO,Airbus A320,Pilot G,157,1.71,2.17,11,31
2026-03-02,2026-02-25,Domestic,ILO,TAG,Airbus A320,Pilot D,128,3.07,3.84,2,40
2026-04-16,2026-04-14,International,CEB,PPS,Airbus A321,Pilot J,129,4.2,4.64,-5,25
2026-03-25,2026-03-24,Domestic,CRK,DVO,ATR 72-600,Pilot H,254,1.09,1.93,36,39
2026-04-12,2026-04-06,Domestic,ILO,DGT,Boeing 737-800,Pilot E,113,2.7,2.73,-10,-6
2026-04-24,2026-04-21,International,DGT,DVO,Airbus A320,Pilot H,228,4.38,4.72,7,13
2026-04-07,2026-04-04,Domestic,CRK,DGT,Airbus A320,Pilot I,51,1.11,1.23,2,10
2026-04-10,2026-04-05,Domestic,CEB,CRK,Airbus A320,Pilot I,185,0.88,1.05,21,11
2026-03-16,2026-03-12,International,ILO,KLO,ATR 72-600,Pilot E,189,4.29,4.45,-10,12
2026-03-15,2026-03-10,Domestic,DGT,DVO,Boeing 737-800,Pilot G,188,1.43,1.42,1,10
2026-03-26,2026-03-19,Domestic,ILO,PPS,Boeing 737-800,Pilot A,132,0.83,1.24,10,14
2026-04-22,2026-04-17,Domestic,CRK,DGT,Airbus A321,Pilot E,191,1.32,1.71,36,18
2026-04-01,2026-03-31,International,BCD,TAG,Embraer E190,Pilot E,137,5.96,6.34,19,25
2026-03-22,2026-03-20,Domestic,BCD,MNL,Airbus A321,Pilot G,170,2.85,2.76,-10,-15
2026-04-17,2026-04-13,Domestic,DVO,KLO,ATR 72-600,Pilot L,236,2.96,2.82,1,-4
2026-04-22,2026-04-18,Domestic,DGT,CEB,ATR 72-600,Pilot L,187,1.74,1.95,31,26
2026-04-25,2026-04-22,Domestic,KLO,TAG,Airbus A321,Pilot F,202,1.57,1.69,-10,0
2026-03-19,2026-03-17,International,MNL,ILO,ATR 72-600,Pilot H,253,6.56,7.22,10,49
2026-04-13,2026-04-12,Domestic,ILO,BCD,Airbus A320,Pilot B,88,2.65,3.08,12,27
2026-04-06,2026-04-04,International,DGT,TAG,Boeing 737-800,Pilot F,169,5.51,6.12,4,35
2026-03-28,2026-03-21,Domestic,CRK,KLO,Airbus A320,Pilot I,184,1.41,2.92,71,88
2026-03-25,2026-03-22,Domestic,KLO,MNL,Airbus A321,Pilot I,192,1.57,2.14,3,28
2026-03-07,2026-02-28,International,BCD,DVO,Airbus A320,Pilot L,69,6.76,7.83,22,60
2026-03-17,2026-03-14,Domestic,PPS,DVO,Airbus A320,Pilot F,207,2.1,1.95,-5,-13
2026-04-03,2026-03-31,Domestic,TAG,DGT,Airbus A320,Pilot K,82,0.83,0.99,24,15
2026-04-24,2026-04-20,International,CEB,DGT,Airbus A321,Pilot L,129,7.25,8.09,31,48
2026-04-22,2026-04-15,Domestic,KLO,ILO,Boeing 737-800,Pilot G,197,2.18,2.07,-1,4
2026-03-12,2026-03-08,Domestic,KLO,TAG,Airbus A321,Pilot B,97,2.21,2.73,11,20
2026-04-11,2026-04-10,International,CEB,DVO,Airbus A321,Pilot E,67,5.88,5.6,-8,-7
2026-03-06,2026-03-04,Domestic,BCD,ILO,Embraer E190,Pilot J,188,2.64,2.35,-10,-15
2026-04-11,2026-04-04,Domestic,CEB,CRK,Embraer E190,Pilot G,101,2.57,3.56,35,69
2026-03-21,2026-03-19,Domestic,ILO,DVO,Airbus A320,Pilot L,221,1.03,0.69,0,-15
2026-03-28,2026-03-22,Domestic,CRK,DVO,Airbus A321,Pilot J,237,2.23,2.35,-10,7
2026-04-13,2026-04-06,Domestic,CEB,ILO,Boeing 737-800,Pilot A,116,2.38,3.4,51,65
2026-03-26,2026-03-24,Domestic,TAG,CRK,Boeing 737-800,Pilot K,202,2.81,2.7,-6,-15
2026-04-19,2026-04-15,Domestic,DVO,MNL,Airbus A321,Pilot E,89,1.29,1.27,7,-3
2026-04-02,2026-03-28,Domestic,DVO,CRK,Boeing 737-800,Pilot J,244,2.91,3.54,48,41
2026-04-30,2026-04-24,Domestic,TAG,CEB,Airbus A320,Pilot G,94,1.91,2.29,9,24
2026-04-08,2026-04-02,Domestic,TAG,DGT,Airbus A321,Pilot F,234,1.03,1.28,8,6
2026-03-19,2026-03-18,Domestic,MNL,CRK,Boeing 737-800,Pilot A,213,1.05,1.04,-10,-7
2026-04-17,2026-04-14,Domestic,DVO,CEB,Boeing 737-800,Pilot B,108,1.27,0.88,-10,-15
2026-03-25,2026-03-18,Domestic,PPS,KLO,ATR 72-600,Pilot H,221,1.48,2.31,8,55
2026-04-02,2026-03-30,Domestic,PPS,TAG,Airbus A320,Pilot G,179,1.99,2.48,20,26
2026-03-09,2026-03-07,International,DGT,CRK,Airbus A320,Pilot G,187,7.52,8.11,19,33
2026-03-08,2026-03-03,Domestic,KLO,TAG,Airbus A320,Pilot B,123,1.25,1.06,1,-4
2026-04-05,2026-04-03,Domestic,MNL,BCD,Airbus A320,Pilot G,91,3.18,3.35,12,5
2026-03-12,2026-03-10,International,TAG,PPS,Airbus A320,Pilot A,193,11.7,12.08,-10,29
2026-04-30,2026-04-24,Domestic,CEB,DVO,Boeing 737-800,Pilot B,51,2.24,2.26,22,-8
2026-04-22,2026-04-21,Domestic,CEB,MNL,Boeing 737-800,Pilot F,116,3.03,3.53,16,26
2026-04-12,2026-04-05,Domestic,BCD,CRK,Boeing 737-800,Pilot H,71,2.8,3.3,55,38
2026-04-14,2026-04-12,Domestic,BCD,DGT,Airbus A321,Pilot H,40,2.35,2.45,12,10
2026-04-06,2026-04-05,Domestic,MNL,PPS,Airbus A320,Pilot L,41,2.52,2.2,-9,-15
2026-03-04,2026-02-26,Domestic,CEB,PPS,Boeing 737-800,Pilot K,60,1.12,1.11,11,-2
2026-03-24,2026-03-22,Domestic,KLO,TAG,Airbus A320,Pilot E,246,0.82,0.98,5,11
2026-03-31,2026-03-28,Domestic,DVO,CRK,ATR 72-600,Pilot J,209,1.84,1.45,22,-15
2026-04-25,2026-04-22,International,BCD,CRK,Airbus A320,Pilot B,257,5.74,5.77,13,12
2026-03-14,2026-03-10,Domestic,ILO,DGT,Boeing 737-800,Pilot K,58,1.66,1.61,-10,-7
2026-03-31,2026-03-27,Domestic,KLO,DVO,ATR 72-600,Pilot E,259,1.34,1.12,-10,-15
2026-03-21,2026-03-19,Domestic,ILO,DVO,Boeing 737-800,Pilot J,171,3.0,3.85,18,50
2026-03-09,2026-03-07,International,CRK,DVO,Boeing 737-800,Pilot L,214,5.11,5.74,42,36
2026-03-07,2026-03-05,Domestic,CRK,TAG,Boeing 737-800,Pilot I,228,2.77,2.95,14,15
2026-03-23,2026-03-22,Domestic,BCD,MNL,Airbus A320,Pilot L,97,2.51,2.93,30,24
2026-03-06,2026-03-01,Domestic,KLO,MNL,Boeing 737-800,Pilot A,203,1.17,2.11,34,38
2026-03-05,2026-03-01,Domestic,KLO,PPS,ATR 72-600,Pilot C,182,0.92,1.84,18,47
2026-03-22,2026-03-21,Domestic,KLO,MNL,Embraer E190,Pilot H,130,2.37,3.07,-6,44
2026-03-13,2026-03-10,Domestic,DVO,CEB,Airbus A321,Pilot G,148,2.34,2.84,16,34
2026-04-03,2026-03-29,Domestic,DGT,CEB,Airbus A321,Pilot B,85,1.69,2.41,39,64
2026-03-02,2026-02-28,International,KLO,ILO,ATR 72-600,Pilot I,80,7.59,8.72,24,60
2026-03-19,2026-03-16,Domestic,PPS,BCD,Boeing 737-800,Pilot A,242,1.97,2.68,28,37
2026-03-28,2026-03-22,Domestic,TAG,ILO,Airbus A320,Pilot L,200,1.38,1.9,2,35
2026-04-28,2026-04-23,Domestic,DGT,MNL,Airbus A320,Pilot B,164,1.55,1.83,8,27
2026-04-08,2026-04-03,Domestic,BCD,CEB,Airbus A320,Pilot F,192,1.8,1.94,9,17
2026-04-23,2026-04-20,Domestic,PPS,TAG,Airbus A321,Pilot J,129,2.25,2.67,11,22
2026-03-21,2026-03-17,Domestic,ILO,MNL,Airbus A320,Pilot G,94,3.09,3.25,38,10
2026-03-28,2026-03-22,Domestic,PPS,KLO,Airbus A320,Pilot I,247,2.09,2.17,-10,0
2026-03-26,2026-03-19,Domestic,CRK,TAG,Airbus A320,Pilot I,257,2.55,2.39,13,-10
2026-04-24,2026-04-23,Domestic,PPS,CRK,Embraer E190,Pilot L,87,2.74,2.62,10,-14
2026-04-28,2026-04-22,Domestic,MNL,DGT,Airbus A320,Pilot F,216,1.07,1.08,-10,-2
2026-04-28,2026-04-21,Domestic,DGT,BCD,Airbus A320,Pilot L,137,2.37,2.67,27,12
2026-04-15,2026-04-08,Domestic,DVO,BCD,Airbus A321,Pilot G,195,1.96,1.73,-4,1
2026-03-31,2026-03-29,Domestic,BCD,CRK,Airbus A320,Pilot K,63,2.17,2.21,4,11
2026-04-02,2026-03-29,Domestic,MNL,CRK,Embraer E190,Pilot I,145,0.89,1.86,53,61
2026-04-29,2026-04-28,Domestic,CEB,BCD,ATR 72-600,Pilot B,67,2.97,3.48,34,23
2026-03-18,2026-03-17,Domestic,DGT,MNL,Airbus A321,Pilot H,219,3.09,4.08,25,46
2026-03-22,2026-03-18,International,TAG,DVO,Airbus A321,Pilot K,127,5.34,5.7,20,23
2026-04-24,2026-04-22,International,DVO,BCD,Airbus A321,Pilot B,98,8.04,8.32,8,21
2026-03-24,2026-03-22,Domestic,CEB,BCD,Airbus A320,Pilot K,193,1.23,1.65,56,39
2026-03-15,2026-03-12,Domestic,TAG,MNL,Airbus A321,Pilot B,250,2.68,3.32,30,32
2026-04-04,2026-03-31,Domestic,DGT,PPS,Airbus A320,Pilot K,114,2.24,2.52,-4,21
2026-03-20,2026-03-18,Domestic,CEB,KLO,Airbus A320,Pilot J,197,1.23,1.79,-10,12
2026-04-24,2026-04-18,Domestic,BCD,DVO,Boeing 737-800,Pilot B,191,2.75,2.91,24,15
2026-04-25,2026-04-20,International,DVO,PPS,Airbus A320,Pilot I,147,10.62,10.97,11,6
2026-03-19,2026-03-13,International,PPS,DGT,Airbus A320,Pilot B,217,4.45,4.29,-10,-15
2026-04-02,2026-03-26,Domestic,ILO,BCD,Airbus A321,Pilot G,68,1.73,1.84,21,14
2026-04-30,2026-04-25,Domestic,CEB,DVO,Airbus A321,Pilot L,233,2.05,1.84,6,-14
2026-04-15,2026-04-12,Domestic,CRK,DVO,Airbus A320,Pilot C,128,1.95,2.49,24,27
2026-03-14,2026-03-07,Domestic,KLO,PPS,Airbus A320,Pilot C,49,1.46,2.07,22,38
2026-04-06,2026-04-02,International,PPS,MNL,Airbus A320,Pilot F,257,9.73,9.66,-1,-10
2026-04-07,2026-04-03,Domestic,MNL,ILO,Airbus A320,Pilot E,210,2.98,3.56,26,29
2026-04-09,2026-04-06,International,DGT,MNL,ATR 72-600,Pilot A,219,8.26,8.36,1,2
2026-03-02,2026-03-01,Domestic,BCD,MNL,ATR 72-600,Pilot F,72,3.0,3.43,2,26
2026-03-19,2026-03-12,Domestic,TAG,ILO,Airbus A321,Pilot D,205,2.12,1.88,0,-6
2026-04-22,2026-04-16,Domestic,DGT,PPS,Airbus A321,Pilot B,193,2.65,3.17,37,32
2026-03-15,2026-03-10,Domestic,CEB,TAG,Boeing 737-800,Pilot D,238,1.5,1.45,6,-4
2026-03-19,2026-03-17,Domestic,MNL,ILO,Boeing 737-800,Pilot A,121,2.7,2.92,42,27
2026-03-20,2026-03-13,Domestic,PPS,DVO,Airbus A320,Pilot K,244,1.43,2.55,51,66
2026-03-11,2026-03-09,Domestic,CEB,ILO,Airbus A320,Pilot L,195,0.85,0.82,-4,-1
2026-03-10,2026-03-08,International,CEB,KLO,Airbus A321,Pilot E,95,4.26,4.04,-10,-4
2026-03-22,2026-03-21,Domestic,ILO,DGT,Boeing 737-800,Pilot K,87,0.85,1.86,35,63
2026-04-23,2026-04-20,Domestic,DGT,BCD,Airbus A320,Pilot F,238,3.07,3.58,4,33
2026-03-01,2026-02-26,Domestic,PPS,KLO,Airbus A321,Pilot K,181,3.2,3.18,-7,-15
2026-03-18,2026-03-12,Domestic,KLO,MNL,Airbus A321,Pilot C,66,2.63,2.92,-1,16
2026-03-04,2026-03-01,Domestic,CEB,MNL,Airbus A320,Pilot D,67,1.06,1.38,3,12
2026-04-04,2026-03-28,Domestic,CRK,CEB,Airbus A321,Pilot I,222,2.96,3.58,41,38
2026-03-16,2026-03-13,Domestic,BCD,PPS,Boeing 737-800,Pilot C,77,2.59,2.82,16,27
2026-04-18,2026-04-14,Domestic,CEB,CRK,Boeing 737-800,Pilot J,88,1.6,1.91,40,14
2026-04-05,2026-03-31,International,KLO,DVO,Airbus A320,Pilot F,175,7.71,8.53,23,54
2026-04-17,2026-04-11,Domestic,MNL,BCD,Airbus A320,Pilot E,229,2.39,2.67,5,19
2026-04-08,2026-04-02,International,CRK,TAG,ATR 72-600,Pilot F,114,9.14,8.88,3,-8
2026-03-27,2026-03-20,Domestic,DVO,ILO,Airbus A321,Pilot J,186,2.0,2.31,24,18
2026-04-22,2026-04-15,Domestic,BCD,TAG,Airbus A320,Pilot A,194,2.56,2.75,30,4
2026-03-30,2026-03-29,Domestic,DGT,PPS,Airbus A320,Pilot J,172,1.25,1.91,34,33
2026-04-27,2026-04-26,Domestic,CEB,PPS,ATR 72-600,Pilot J,190,1.87,2.09,6,2
2026-04-30,2026-04-26,Domestic,PPS,TAG,ATR 72-600,Pilot J,90,2.08,2.24,16,-3
2026-04-05,2026-04-03,Domestic,BCD,CEB,ATR 72-600,Pilot L,176,2.57,3.06,25,44
2026-04-11,2026-04-07,Domestic,DGT,PPS,Boeing 737-800,Pilot J,40,3.11,3.5,4,32
2026-03-16,2026-03-11,Domestic,DGT,CEB,Airbus A321,Pilot G,200,2.84,2.54,-10,-5
2026-04-19,2026-04-17,Domestic,CEB,DGT,Airbus A321,Pilot F,214,2.29,2.25,-6,-7
2026-04-10,2026-04-09,Domestic,PPS,KLO,Airbus A320,Pilot E,214,2.2,2.45,7,20
2026-04-25,2026-04-18,International,KLO,PPS,Boeing 737-800,Pilot J,46,7.59,8.06,27,32
2026-03-17,2026-03-14,Domestic,CEB,TAG,Boeing 737-800,Pilot E,240,2.11,2.52,40,26
2026-04-18,2026-04-12,International,DVO,TAG,Airbus A320,Pilot G,135,11.12,10.92,-10,-15
2026-03-29,2026-03-24,Domestic,DGT,TAG,ATR 72-600,Pilot B,57,2.48,2.29,-1,-1
2026-03-12,2026-03-07,International,KLO,TAG,Airbus A321,Pilot D,157,11.79,11.86,4,13
2026-03-11,2026-03-05,International,CRK,KLO,Airbus A320,Pilot D,165,10.76,11.33,29,34
2026-04-04,2026-04-02,Domestic,CRK,PPS,Airbus A321,Pilot F,128,2.89,3.18,0,9
2026-03-20,2026-03-18,Domestic,TAG,ILO,ATR 72-600,Pilot G,204,2.41,2.16,3,-15
2026-03-07,2026-02-28,Domestic,DVO,TAG,ATR 72-600,Pilot I,159,1.67,1.69,-10,7
2026-03-27,2026-03-22,Domestic,CEB,TAG,Airbus A321,Pilot F,87,0.85,1.06,23,28
2026-04-09,2026-04-06,Domestic,KLO,DGT,Embraer E190,Pilot B,176,0.94,2.04,8,59
2026-03-20,2026-03-15,Domestic,DGT,KLO,ATR 72-600,Pilot G,97,1.64,1.49,-2,-4
2026-04-28,2026-04-25,International,CEB,ILO,ATR 72-600,Pilot A,66,11.27,11.42,6,17
2026-04-17,2026-04-10,Domestic,DVO,CEB,ATR 72-600,Pilot K,98,1.2,2.54,37,93
2026-04-01,2026-03-28,Domestic,ILO,BCD,Airbus A321,Pilot J,239,1.25,1.04,-10,-2
2026-04-27,2026-04-24,Domestic,CEB,KLO,ATR 72-600,Pilot C,165,1.35,1.18,-7,-3
2026-03-27,2026-03-22,Domestic,BCD,KLO,Boeing 737-800,Pilot D,109,2.67,3.09,40,27
2026-03-09,2026-03-03,Domestic,DVO,BCD,Boeing 737-800,Pilot A,120,2.65,3.29,14,47
2026-03-03,2026-02-28,Domestic,CEB,TAG,Airbus A320,Pilot E,229,1.72,1.93,27,11
2026-04-27,2026-04-21,Domestic,DVO,CEB,Boeing 737-800,Pilot A,186,1.21,1.75,21,34
2026-04-28,2026-04-26,Domestic,DGT,ILO,Embraer E190,Pilot L,210,1.07,1.45,11,7
2026-04-15,2026-04-13,Domestic,DGT,PPS,Airbus A321,Pilot B,174,1.01,0.91,4,6
2026-03-07,2026-03-01,Domestic,KLO,TAG,Embraer E190,Pilot H,258,1.74,1.91,30,9
2026-03-18,2026-03-13,Domestic,ILO,PPS,Airbus A321,Pilot G,184,0.91,2.05,38,67
2026-03-03,2026-03-02,International,TAG,PPS,Airbus A320,Pilot C,128,7.7,8.18,36,36
2026-03-04,2026-02-27,International,CEB,TAG,Airbus A320,Pilot J,95,6.31,6.07,-10,-15
2026-03-16,2026-03-13,Domestic,BCD,DGT,ATR 72-600,Pilot B,50,2.02,3.26,41,69
2026-04-04,2026-04-02,Domestic,BCD,KLO,Boeing 737-800,Pilot K,208,2.77,2.78,4,0
2026-03-04,2026-03-01,Domestic,PPS,DVO,Airbus A321,Pilot I,245,1.11,1.38,-5,6
2026-04-30,2026-04-26,Domestic,DVO,KLO,Boeing 737-800,Pilot H,186,1.44,1.65,8,28
2026-03-28,2026-03-21,Domestic,PPS,MNL,Airbus A321,Pilot K,147,3.07,3.7,30,44
2026-03-17,2026-03-13,Domestic,BCD,CEB,Airbus A321,Pilot E,68,1.72,1.71,24,-11
2026-04-01,2026-03-29,Domestic,TAG,PPS,ATR 72-600,Pilot D,181,2.36,2.87,6,24
2026-04-18,2026-04-12,International,CEB,KLO,Boeing 737-800,Pilot B,84,8.86,9.47,30,33
2026-03-20,2026-03-16,Domestic,BCD,DGT,ATR 72-600,Pilot L,176,2.12,2.5,15,14
2026-03-03,2026-03-02,International,TAG,DVO,Boeing 737-800,Pilot E,106,4.52,4.32,-1,2
2026-03-04,2026-02-27,Domestic,DVO,DGT,Embraer E190,Pilot J,230,2.08,1.93,-4,-15
2026-04-21,2026-04-17,International,PPS,ILO,Airbus A320,Pilot D,245,7.27,7.88,21,29
2026-03-07,2026-03-02,Domestic,MNL,KLO,Airbus A320,Pilot L,91,1.07,0.82,10,-10
2026-04-08,2026-04-06,Domestic,PPS,BCD,Airbus A320,Pilot K,111,0.82,0.97,-10,-10
2026-03-24,2026-03-20,International,BCD,KLO,Boeing 737-800,Pilot D,242,4.71,5.38,31,39
2026-04-17,2026-04-12,International,CEB,DGT,Boeing 737-800,Pilot F,44,8.65,8.8,1,25
2026-03-04,2026-02-27,Domestic,MNL,CEB,Boeing 737-800,Pilot J,153,1.52,2.18,47,37
2026-04-24,2026-04-19,Domestic,PPS,KLO,Airbus A321,Pilot C,71,1.33,1.59,-10,21
2026-04-12,2026-04-05,Domestic,DVO,DGT,Airbus A320,Pilot A,135,2.44,3.08,8,30
2026-03-28,2026-03-24,Domestic,ILO,DVO,Boeing 737-800,Pilot D,47,3.01,2.98,-3,-6
2026-03-13,2026-03-09,Domestic,MNL,DVO,Embraer E190,Pilot H,70,1.52,1.2,-9,-15
2026-04-29,2026-04-25,International,DGT,ILO,Airbus A321,Pilot B,128,11.96,11.89,1,-15
2026-03-19,2026-03-16,Domestic,KLO,PPS,Airbus A320,Pilot E,53,2.85,3.98,51,61
2026-03-30,2026-03-27,Domestic,DGT,PPS,Airbus A321,Pilot L,215,2.94,2.96,15,7
2026-03-25,2026-03-20,Domestic,CEB,PPS,Airbus A321,Pilot A,167,2.99,3.34,-5,22
2026-03-15,2026-03-12,Domestic,DVO,PPS,Airbus A320,Pilot A,139,1.5,1.31,-10,-15
2026-03-26,2026-03-20,Domestic,BCD,ILO,Airbus A321,Pilot F,143,1.09,0.8,-10,-15
2026-03-10,2026-03-04,Domestic,BCD,CRK,Boeing 737-800,Pilot A,224,1.86,1.97,0,9
2026-03-01,2026-02-22,Domestic,PPS,DVO,Airbus A321,Pilot A,225,1.51,1.36,-2,-9
2026-03-18,2026-03-17,Domestic,DGT,ILO,Airbus A321,Pilot C,50,2.92,2.99,7,12
2026-03-07,2026-03-04,International,TAG,CEB,Airbus A320,Pilot B,190,6.87,6.82,-10,13
2026-03-26,2026-03-20,Domestic,CEB,MNL,ATR 72-600,Pilot J,143,2.32,2.63,10,17
2026-04-22,2026-04-18,International,CRK,TAG,Airbus A321,Pilot B,212,9.4,9.86,35,42
2026-03-10,2026-03-05,Domestic,DGT,TAG,Airbus A321,Pilot G,213,3.14,3.97,48,57
2026-03-01,2026-02-23,Domestic,KLO,ILO,Airbus A320,Pilot I,195,2.36,1.9,-10,-15
2026-03-07,2026-02-28,Domestic,TAG,MNL,Boeing 737-800,Pilot H,188,3.08,2.98,-6,6
2026-03-31,2026-03-29,Domestic,KLO,MNL,ATR 72-600,Pilot H,86,0.98,1.05,-7,1
2026-03-17,2026-03-15,Domestic,MNL,CEB,Airbus A320,Pilot E,227,1.66,2.23,15,36
2026-03-30,2026-03-26,Domestic,ILO,PPS,Airbus A320,Pilot K,194,0.82,0.89,-10,6
2026-03-02,2026-02-26,Domestic,TAG,DVO,Airbus A320,Pilot A,100,3.15,3.83,49,50
2026-03-21,2026-03-14,Domestic,BCD,DVO,Boeing 737-800,Pilot B,91,2.97,3.51,13,37
2026-03-26,2026-03-25,Domestic,CEB,TAG,Embraer E190,Pilot K,150,0.87,1.07,9,9
2026-03-27,2026-03-25,Domestic,DVO,TAG,Airbus A321,Pilot A,115,0.84,1.77,47,56
2026-04-03,2026-03-27,Domestic,TAG,PPS,Airbus A321,Pilot C,188,1.68,1.96,12,11
2026-04-17,2026-04-12,Domestic,DGT,CRK,ATR 72-600,Pilot C,129,1.42,2.1,21,34
2026-03-29,2026-03-24,Domestic,PPS,KLO,Boeing 737-800,Pilot A,77,2.83,2.68,-5,-7
2026-04-21,2026-04-19,Domestic,MNL,DVO,Airbus A320,Pilot B,126,1.19,1.38,-10,25
